2021-02-13,6,en,0,59,"[Ğ©ĞµĞºĞ¸Ğ½Ğ¾, Ğ¢ÑƒĞ»ÑŒÑĞºĞ°Ñ Ğ¾Ğ±Ğ»Ğ°ÑÑ‚ÑŒ]",0,0,0,25,2021-02-13T06:59:25.000-06:00,"@BTS_twt 
#V congratulations on the victory! You are now officially the most handsome male idol of 2021. Congratulations from the bottom of my heart, you deserve it!
#BTS #TaehyungYouArePerfect #TaehyunOurShiningStar #TAEHYUNG #topface2021 #taehyungweloveyou https://t.co/zWCEntgMrN",1
2021-02-13,6,en,0,59,"[Ğ©ĞµĞºĞ¸Ğ½Ğ¾, Ğ¢ÑƒĞ»ÑŒÑĞºĞ°Ñ Ğ¾Ğ±Ğ»Ğ°ÑÑ‚ÑŒ]",0,0,0,25,2021-02-13T06:59:25.000-06:00,"@BTS_twt 
#V congratulations on the victory! You are now officially the most handsome male idol of 2021. Congratulations from the bottom of my heart, you deserve it!
#BTS #TaehyungYouArePerfect #TaehyunOurShiningStar #TAEHYUNG #topface2021 #taehyungweloveyou https://t.co/zWCEntgMrN",2
2021-02-13,6,en,0,59,"[Ğ©ĞµĞºĞ¸Ğ½Ğ¾, Ğ¢ÑƒĞ»ÑŒÑĞºĞ°Ñ Ğ¾Ğ±Ğ»Ğ°ÑÑ‚ÑŒ]",0,0,0,25,2021-02-13T06:59:25.000-06:00,"@BTS_twt 
#V congratulations on the victory! You are now officially the most handsome male idol of 2021. Congratulations from the bottom of my heart, you deserve it!
#BTS #TaehyungYouArePerfect #TaehyunOurShiningStar #TAEHYUNG #topface2021 #taehyungweloveyou https://t.co/zWCEntgMrN",3
2021-02-13,6,en,0,59,"[Ğ©ĞµĞºĞ¸Ğ½Ğ¾, Ğ¢ÑƒĞ»ÑŒÑĞºĞ°Ñ Ğ¾Ğ±Ğ»Ğ°ÑÑ‚ÑŒ]",0,0,0,25,2021-02-13T06:59:25.000-06:00,"@BTS_twt 
#V congratulations on the victory! You are now officially the most handsome male idol of 2021. Congratulations from the bottom of my heart, you deserve it!
#BTS #TaehyungYouArePerfect #TaehyunOurShiningStar #TAEHYUNG #topface2021 #taehyungweloveyou https://t.co/zWCEntgMrN",4
2021-02-13,6,en,0,59,"[Ğ©ĞµĞºĞ¸Ğ½Ğ¾, Ğ¢ÑƒĞ»ÑŒÑĞºĞ°Ñ Ğ¾Ğ±Ğ»Ğ°ÑÑ‚ÑŒ]",0,0,0,25,2021-02-13T06:59:25.000-06:00,"@BTS_twt 
#V congratulations on the victory! You are now officially the most handsome male idol of 2021. Congratulations from the bottom of my heart, you deserve it!
#BTS #TaehyungYouArePerfect #TaehyunOurShiningStar #TAEHYUNG #topface2021 #taehyungweloveyou https://t.co/zWCEntgMrN",5
2021-02-13,6,en,0,59,"[Ğ©ĞµĞºĞ¸Ğ½Ğ¾, Ğ¢ÑƒĞ»ÑŒÑĞºĞ°Ñ Ğ¾Ğ±Ğ»Ğ°ÑÑ‚ÑŒ]",0,0,0,25,2021-02-13T06:59:25.000-06:00,"@BTS_twt 
#V congratulations on the victory! You are now officially the most handsome male idol of 2021. Congratulations from the bottom of my heart, you deserve it!
#BTS #TaehyungYouArePerfect #TaehyunOurShiningStar #TAEHYUNG #topface2021 #taehyungweloveyou https://t.co/zWCEntgMrN",6
2021-02-13,6,en,0,59,"[Ğ©ĞµĞºĞ¸Ğ½Ğ¾, Ğ¢ÑƒĞ»ÑŒÑĞºĞ°Ñ Ğ¾Ğ±Ğ»Ğ°ÑÑ‚ÑŒ]",0,0,0,25,2021-02-13T06:59:25.000-06:00,"@BTS_twt 
#V congratulations on the victory! You are now officially the most handsome male idol of 2021. Congratulations from the bottom of my heart, you deserve it!
#BTS #TaehyungYouArePerfect #TaehyunOurShiningStar #TAEHYUNG #topface2021 #taehyungweloveyou https://t.co/zWCEntgMrN",7
2021-02-13,7,en,0,2,[Myanmar],0,0,0,23,2021-02-13T07:02:23.000-06:00,"My country is internet would be down so l wish for our sunshine todayğŸ˜Œ
Happy birthday to you ğŸ’œ
#JHOPE 
#BTS",8
2021-02-13,7,en,0,2,[Myanmar],0,0,0,23,2021-02-13T07:02:23.000-06:00,"My country is internet would be down so l wish for our sunshine todayğŸ˜Œ
Happy birthday to you ğŸ’œ
#JHOPE 
#BTS",9
2021-02-13,7,en,0,2,[Myanmar],0,0,0,23,2021-02-13T07:02:23.000-06:00,"My country is internet would be down so l wish for our sunshine todayğŸ˜Œ
Happy birthday to you ğŸ’œ
#JHOPE 
#BTS",10
2021-02-13,7,en,0,2,[Myanmar],0,0,0,23,2021-02-13T07:02:23.000-06:00,"My country is internet would be down so l wish for our sunshine todayğŸ˜Œ
Happy birthday to you ğŸ’œ
#JHOPE 
#BTS",11
2021-02-13,7,en,0,2,[Myanmar],0,0,0,23,2021-02-13T07:02:23.000-06:00,"My country is internet would be down so l wish for our sunshine todayğŸ˜Œ
Happy birthday to you ğŸ’œ
#JHOPE 
#BTS",12
2021-02-13,7,en,0,2,[Myanmar],0,0,0,23,2021-02-13T07:02:23.000-06:00,"My country is internet would be down so l wish for our sunshine todayğŸ˜Œ
Happy birthday to you ğŸ’œ
#JHOPE 
#BTS",13
2021-02-13,7,en,0,2,[Myanmar],0,0,0,23,2021-02-13T07:02:23.000-06:00,"My country is internet would be down so l wish for our sunshine todayğŸ˜Œ
Happy birthday to you ğŸ’œ
#JHOPE 
#BTS",14
2021-02-13,7,ja,0,19,[æ¡ƒè°·å•†åº—è¡—],0,0,0,6,2021-02-13T07:19:06.000-06:00,"ğŸ’J-HOPEğŸ’ã®ã‚»ãƒ³ã‚¤ãƒ«ã‚’
ãŠç¥ã„ã—ã¦
ã‚«ãƒƒãƒ—ãƒ›ãƒ«ãƒ€ãƒ¼ã‚¤ãƒ™ãƒ³ãƒˆã‚’
é–‹å‚¬è‡´ã—ã¾ã™ã€‚

ğŸ—“ï¸ï¼š2021.2.18 ~ 2.21
         11æ™‚ ~ 15æ™‚
ğŸ–ï¸:  Sarang Cafeã€€
 
è©³ç´°ã¯å…¬çŸ¥ã‚’å‚ç…§ã«ã—ã¦ãã ã•ã„

#ã‚¸ã‚§ã‚¤ãƒ›ãƒ¼ãƒ— #BTSã‚«ãƒƒãƒ—ãƒ›ãƒ«ãƒ€ãƒ¼
#ì •í˜¸ì„ #í˜¸ì„ #ì œì´í™‰  #BTS 
#ì œì´í™‰ì»µí™€ë”
#my_galaxy_JHope https://t.co/kwaK4XXaN3",15
2021-02-13,7,ja,0,19,[æ¡ƒè°·å•†åº—è¡—],0,0,0,6,2021-02-13T07:19:06.000-06:00,"ğŸ’J-HOPEğŸ’ã®ã‚»ãƒ³ã‚¤ãƒ«ã‚’
ãŠç¥ã„ã—ã¦
ã‚«ãƒƒãƒ—ãƒ›ãƒ«ãƒ€ãƒ¼ã‚¤ãƒ™ãƒ³ãƒˆã‚’
é–‹å‚¬è‡´ã—ã¾ã™ã€‚

ğŸ—“ï¸ï¼š2021.2.18 ~ 2.21
         11æ™‚ ~ 15æ™‚
ğŸ–ï¸:  Sarang Cafeã€€
 
è©³ç´°ã¯å…¬çŸ¥ã‚’å‚ç…§ã«ã—ã¦ãã ã•ã„

#ã‚¸ã‚§ã‚¤ãƒ›ãƒ¼ãƒ— #BTSã‚«ãƒƒãƒ—ãƒ›ãƒ«ãƒ€ãƒ¼
#ì •í˜¸ì„ #í˜¸ì„ #ì œì´í™‰  #BTS 
#ì œì´í™‰ì»µí™€ë”
#my_galaxy_JHope https://t.co/kwaK4XXaN3",16
2021-02-13,7,ja,0,19,[æ¡ƒè°·å•†åº—è¡—],0,0,0,6,2021-02-13T07:19:06.000-06:00,"ğŸ’J-HOPEğŸ’ã®ã‚»ãƒ³ã‚¤ãƒ«ã‚’
ãŠç¥ã„ã—ã¦
ã‚«ãƒƒãƒ—ãƒ›ãƒ«ãƒ€ãƒ¼ã‚¤ãƒ™ãƒ³ãƒˆã‚’
é–‹å‚¬è‡´ã—ã¾ã™ã€‚

ğŸ—“ï¸ï¼š2021.2.18 ~ 2.21
         11æ™‚ ~ 15æ™‚
ğŸ–ï¸:  Sarang Cafeã€€
 
è©³ç´°ã¯å…¬çŸ¥ã‚’å‚ç…§ã«ã—ã¦ãã ã•ã„

#ã‚¸ã‚§ã‚¤ãƒ›ãƒ¼ãƒ— #BTSã‚«ãƒƒãƒ—ãƒ›ãƒ«ãƒ€ãƒ¼
#ì •í˜¸ì„ #í˜¸ì„ #ì œì´í™‰  #BTS 
#ì œì´í™‰ì»µí™€ë”
#my_galaxy_JHope https://t.co/kwaK4XXaN3",17
2021-02-13,7,ja,0,19,[æ¡ƒè°·å•†åº—è¡—],0,0,0,6,2021-02-13T07:19:06.000-06:00,"ğŸ’J-HOPEğŸ’ã®ã‚»ãƒ³ã‚¤ãƒ«ã‚’
ãŠç¥ã„ã—ã¦
ã‚«ãƒƒãƒ—ãƒ›ãƒ«ãƒ€ãƒ¼ã‚¤ãƒ™ãƒ³ãƒˆã‚’
é–‹å‚¬è‡´ã—ã¾ã™ã€‚

ğŸ—“ï¸ï¼š2021.2.18 ~ 2.21
         11æ™‚ ~ 15æ™‚
ğŸ–ï¸:  Sarang Cafeã€€
 
è©³ç´°ã¯å…¬çŸ¥ã‚’å‚ç…§ã«ã—ã¦ãã ã•ã„

#ã‚¸ã‚§ã‚¤ãƒ›ãƒ¼ãƒ— #BTSã‚«ãƒƒãƒ—ãƒ›ãƒ«ãƒ€ãƒ¼
#ì •í˜¸ì„ #í˜¸ì„ #ì œì´í™‰  #BTS 
#ì œì´í™‰ì»µí™€ë”
#my_galaxy_JHope https://t.co/kwaK4XXaN3",18
2021-02-13,7,ja,0,19,[æ¡ƒè°·å•†åº—è¡—],0,0,0,6,2021-02-13T07:19:06.000-06:00,"ğŸ’J-HOPEğŸ’ã®ã‚»ãƒ³ã‚¤ãƒ«ã‚’
ãŠç¥ã„ã—ã¦
ã‚«ãƒƒãƒ—ãƒ›ãƒ«ãƒ€ãƒ¼ã‚¤ãƒ™ãƒ³ãƒˆã‚’
é–‹å‚¬è‡´ã—ã¾ã™ã€‚

ğŸ—“ï¸ï¼š2021.2.18 ~ 2.21
         11æ™‚ ~ 15æ™‚
ğŸ–ï¸:  Sarang Cafeã€€
 
è©³ç´°ã¯å…¬çŸ¥ã‚’å‚ç…§ã«ã—ã¦ãã ã•ã„

#ã‚¸ã‚§ã‚¤ãƒ›ãƒ¼ãƒ— #BTSã‚«ãƒƒãƒ—ãƒ›ãƒ«ãƒ€ãƒ¼
#ì •í˜¸ì„ #í˜¸ì„ #ì œì´í™‰  #BTS 
#ì œì´í™‰ì»µí™€ë”
#my_galaxy_JHope https://t.co/kwaK4XXaN3",19
2021-02-13,7,ja,0,19,[æ¡ƒè°·å•†åº—è¡—],0,0,0,6,2021-02-13T07:19:06.000-06:00,"ğŸ’J-HOPEğŸ’ã®ã‚»ãƒ³ã‚¤ãƒ«ã‚’
ãŠç¥ã„ã—ã¦
ã‚«ãƒƒãƒ—ãƒ›ãƒ«ãƒ€ãƒ¼ã‚¤ãƒ™ãƒ³ãƒˆã‚’
é–‹å‚¬è‡´ã—ã¾ã™ã€‚

ğŸ—“ï¸ï¼š2021.2.18 ~ 2.21
         11æ™‚ ~ 15æ™‚
ğŸ–ï¸:  Sarang Cafeã€€
 
è©³ç´°ã¯å…¬çŸ¥ã‚’å‚ç…§ã«ã—ã¦ãã ã•ã„

#ã‚¸ã‚§ã‚¤ãƒ›ãƒ¼ãƒ— #BTSã‚«ãƒƒãƒ—ãƒ›ãƒ«ãƒ€ãƒ¼
#ì •í˜¸ì„ #í˜¸ì„ #ì œì´í™‰  #BTS 
#ì œì´í™‰ì»µí™€ë”
#my_galaxy_JHope https://t.co/kwaK4XXaN3",20
2021-02-13,7,ja,0,19,[æ¡ƒè°·å•†åº—è¡—],0,0,0,6,2021-02-13T07:19:06.000-06:00,"ğŸ’J-HOPEğŸ’ã®ã‚»ãƒ³ã‚¤ãƒ«ã‚’
ãŠç¥ã„ã—ã¦
ã‚«ãƒƒãƒ—ãƒ›ãƒ«ãƒ€ãƒ¼ã‚¤ãƒ™ãƒ³ãƒˆã‚’
é–‹å‚¬è‡´ã—ã¾ã™ã€‚

ğŸ—“ï¸ï¼š2021.2.18 ~ 2.21
         11æ™‚ ~ 15æ™‚
ğŸ–ï¸:  Sarang Cafeã€€
 
è©³ç´°ã¯å…¬çŸ¥ã‚’å‚ç…§ã«ã—ã¦ãã ã•ã„

#ã‚¸ã‚§ã‚¤ãƒ›ãƒ¼ãƒ— #BTSã‚«ãƒƒãƒ—ãƒ›ãƒ«ãƒ€ãƒ¼
#ì •í˜¸ì„ #í˜¸ì„ #ì œì´í™‰  #BTS 
#ì œì´í™‰ì»µí™€ë”
#my_galaxy_JHope https://t.co/kwaK4XXaN3",21
2021-02-13,7,ja,0,22,"[Kasaoka-shi, Okayama]",0,0,0,36,2021-02-13T07:22:36.000-06:00,"#ãºã“ã±é¢¨ ã«ã„ãˆã°ã€åŸçˆ†Tã‚·ãƒ£ãƒ„ã‚’ç€ã¦è¬ã‚Šã‚‚ã—ãªã„ #BTS ãŒã¡ã‚„ã»ã‚„ã•ã‚Œã‚‹ã‚“ã ã‹ã‚‰ã€å¥³æ€§ã‚’è«–ã˜ãŸã ã‘ã§è¬ã£ã¦ã€ãã‚Œã§ã‚‚ã‚†ã‚‹ã•ã‚Œãªã„æ£®å–œæœ—ãŒã¡ã‚„ã»ã‚„ã•ã‚Œã‚‹æ™‚ä»£ãŒã€

ã‚ã£ãŸã£ã¦ã€ã„ã„ã€‚",29
2021-02-13,7,ja,0,22,"[Kasaoka-shi, Okayama]",0,0,0,36,2021-02-13T07:22:36.000-06:00,"#ãºã“ã±é¢¨ ã«ã„ãˆã°ã€åŸçˆ†Tã‚·ãƒ£ãƒ„ã‚’ç€ã¦è¬ã‚Šã‚‚ã—ãªã„ #BTS ãŒã¡ã‚„ã»ã‚„ã•ã‚Œã‚‹ã‚“ã ã‹ã‚‰ã€å¥³æ€§ã‚’è«–ã˜ãŸã ã‘ã§è¬ã£ã¦ã€ãã‚Œã§ã‚‚ã‚†ã‚‹ã•ã‚Œãªã„æ£®å–œæœ—ãŒã¡ã‚„ã»ã‚„ã•ã‚Œã‚‹æ™‚ä»£ãŒã€

ã‚ã£ãŸã£ã¦ã€ã„ã„ã€‚",30
2021-02-13,7,ja,0,22,"[Kasaoka-shi, Okayama]",0,0,0,36,2021-02-13T07:22:36.000-06:00,"#ãºã“ã±é¢¨ ã«ã„ãˆã°ã€åŸçˆ†Tã‚·ãƒ£ãƒ„ã‚’ç€ã¦è¬ã‚Šã‚‚ã—ãªã„ #BTS ãŒã¡ã‚„ã»ã‚„ã•ã‚Œã‚‹ã‚“ã ã‹ã‚‰ã€å¥³æ€§ã‚’è«–ã˜ãŸã ã‘ã§è¬ã£ã¦ã€ãã‚Œã§ã‚‚ã‚†ã‚‹ã•ã‚Œãªã„æ£®å–œæœ—ãŒã¡ã‚„ã»ã‚„ã•ã‚Œã‚‹æ™‚ä»£ãŒã€

ã‚ã£ãŸã£ã¦ã€ã„ã„ã€‚",31
2021-02-13,7,ja,0,22,"[Kasaoka-shi, Okayama]",0,0,0,36,2021-02-13T07:22:36.000-06:00,"#ãºã“ã±é¢¨ ã«ã„ãˆã°ã€åŸçˆ†Tã‚·ãƒ£ãƒ„ã‚’ç€ã¦è¬ã‚Šã‚‚ã—ãªã„ #BTS ãŒã¡ã‚„ã»ã‚„ã•ã‚Œã‚‹ã‚“ã ã‹ã‚‰ã€å¥³æ€§ã‚’è«–ã˜ãŸã ã‘ã§è¬ã£ã¦ã€ãã‚Œã§ã‚‚ã‚†ã‚‹ã•ã‚Œãªã„æ£®å–œæœ—ãŒã¡ã‚„ã»ã‚„ã•ã‚Œã‚‹æ™‚ä»£ãŒã€

ã‚ã£ãŸã£ã¦ã€ã„ã„ã€‚",32
2021-02-13,7,ja,0,22,"[Kasaoka-shi, Okayama]",0,0,0,36,2021-02-13T07:22:36.000-06:00,"#ãºã“ã±é¢¨ ã«ã„ãˆã°ã€åŸçˆ†Tã‚·ãƒ£ãƒ„ã‚’ç€ã¦è¬ã‚Šã‚‚ã—ãªã„ #BTS ãŒã¡ã‚„ã»ã‚„ã•ã‚Œã‚‹ã‚“ã ã‹ã‚‰ã€å¥³æ€§ã‚’è«–ã˜ãŸã ã‘ã§è¬ã£ã¦ã€ãã‚Œã§ã‚‚ã‚†ã‚‹ã•ã‚Œãªã„æ£®å–œæœ—ãŒã¡ã‚„ã»ã‚„ã•ã‚Œã‚‹æ™‚ä»£ãŒã€

ã‚ã£ãŸã£ã¦ã€ã„ã„ã€‚",33
2021-02-13,7,ja,0,22,"[Kasaoka-shi, Okayama]",0,0,0,36,2021-02-13T07:22:36.000-06:00,"#ãºã“ã±é¢¨ ã«ã„ãˆã°ã€åŸçˆ†Tã‚·ãƒ£ãƒ„ã‚’ç€ã¦è¬ã‚Šã‚‚ã—ãªã„ #BTS ãŒã¡ã‚„ã»ã‚„ã•ã‚Œã‚‹ã‚“ã ã‹ã‚‰ã€å¥³æ€§ã‚’è«–ã˜ãŸã ã‘ã§è¬ã£ã¦ã€ãã‚Œã§ã‚‚ã‚†ã‚‹ã•ã‚Œãªã„æ£®å–œæœ—ãŒã¡ã‚„ã»ã‚„ã•ã‚Œã‚‹æ™‚ä»£ãŒã€

ã‚ã£ãŸã£ã¦ã€ã„ã„ã€‚",34
2021-02-13,7,ja,0,22,"[Kasaoka-shi, Okayama]",0,0,0,36,2021-02-13T07:22:36.000-06:00,"#ãºã“ã±é¢¨ ã«ã„ãˆã°ã€åŸçˆ†Tã‚·ãƒ£ãƒ„ã‚’ç€ã¦è¬ã‚Šã‚‚ã—ãªã„ #BTS ãŒã¡ã‚„ã»ã‚„ã•ã‚Œã‚‹ã‚“ã ã‹ã‚‰ã€å¥³æ€§ã‚’è«–ã˜ãŸã ã‘ã§è¬ã£ã¦ã€ãã‚Œã§ã‚‚ã‚†ã‚‹ã•ã‚Œãªã„æ£®å–œæœ—ãŒã¡ã‚„ã»ã‚„ã•ã‚Œã‚‹æ™‚ä»£ãŒã€

ã‚ã£ãŸã£ã¦ã€ã„ã„ã€‚",35
2021-02-13,7,en,0,23,"[Rivers, Nigeria]",0,0,0,15,2021-02-13T07:23:15.000-06:00,"Soul soothingğŸ¥º just came across namjoons photo card in our Map of the soul 7 album, never knew its been there all this whileğŸ˜
#btsarmys #mots7 #KimNamjoon #BTS #Armys #lifegoeson https://t.co/QqWh4wKzTa",36
2021-02-13,7,en,0,23,"[Rivers, Nigeria]",0,0,0,15,2021-02-13T07:23:15.000-06:00,"Soul soothingğŸ¥º just came across namjoons photo card in our Map of the soul 7 album, never knew its been there all this whileğŸ˜
#btsarmys #mots7 #KimNamjoon #BTS #Armys #lifegoeson https://t.co/QqWh4wKzTa",37
2021-02-13,7,en,0,23,"[Rivers, Nigeria]",0,0,0,15,2021-02-13T07:23:15.000-06:00,"Soul soothingğŸ¥º just came across namjoons photo card in our Map of the soul 7 album, never knew its been there all this whileğŸ˜
#btsarmys #mots7 #KimNamjoon #BTS #Armys #lifegoeson https://t.co/QqWh4wKzTa",38
2021-02-13,7,en,0,23,"[Rivers, Nigeria]",0,0,0,15,2021-02-13T07:23:15.000-06:00,"Soul soothingğŸ¥º just came across namjoons photo card in our Map of the soul 7 album, never knew its been there all this whileğŸ˜
#btsarmys #mots7 #KimNamjoon #BTS #Armys #lifegoeson https://t.co/QqWh4wKzTa",39
2021-02-13,7,en,0,23,"[Rivers, Nigeria]",0,0,0,15,2021-02-13T07:23:15.000-06:00,"Soul soothingğŸ¥º just came across namjoons photo card in our Map of the soul 7 album, never knew its been there all this whileğŸ˜
#btsarmys #mots7 #KimNamjoon #BTS #Armys #lifegoeson https://t.co/QqWh4wKzTa",40
2021-02-13,7,en,0,23,"[Rivers, Nigeria]",0,0,0,15,2021-02-13T07:23:15.000-06:00,"Soul soothingğŸ¥º just came across namjoons photo card in our Map of the soul 7 album, never knew its been there all this whileğŸ˜
#btsarmys #mots7 #KimNamjoon #BTS #Armys #lifegoeson https://t.co/QqWh4wKzTa",41
2021-02-13,7,en,0,23,"[Rivers, Nigeria]",0,0,0,15,2021-02-13T07:23:15.000-06:00,"Soul soothingğŸ¥º just came across namjoons photo card in our Map of the soul 7 album, never knew its been there all this whileğŸ˜
#btsarmys #mots7 #KimNamjoon #BTS #Armys #lifegoeson https://t.co/QqWh4wKzTa",42
2021-02-13,7,en,0,39,"[Massachusetts, USA]",0,0,0,22,2021-02-13T07:39:22.000-06:00,Sitting at my desk at work and thinking to myself.... Will I ever be able to see @BTS_twt in concert? With this whole pandemic....my hope is slowly fadingğŸ¥ºğŸ˜•ğŸ˜” #bts #savemebts,50
2021-02-13,7,en,0,39,"[Massachusetts, USA]",0,0,0,22,2021-02-13T07:39:22.000-06:00,Sitting at my desk at work and thinking to myself.... Will I ever be able to see @BTS_twt in concert? With this whole pandemic....my hope is slowly fadingğŸ¥ºğŸ˜•ğŸ˜” #bts #savemebts,51
2021-02-13,7,en,0,39,"[Massachusetts, USA]",0,0,0,22,2021-02-13T07:39:22.000-06:00,Sitting at my desk at work and thinking to myself.... Will I ever be able to see @BTS_twt in concert? With this whole pandemic....my hope is slowly fadingğŸ¥ºğŸ˜•ğŸ˜” #bts #savemebts,52
2021-02-13,7,en,0,39,"[Massachusetts, USA]",0,0,0,22,2021-02-13T07:39:22.000-06:00,Sitting at my desk at work and thinking to myself.... Will I ever be able to see @BTS_twt in concert? With this whole pandemic....my hope is slowly fadingğŸ¥ºğŸ˜•ğŸ˜” #bts #savemebts,53
2021-02-13,7,en,0,39,"[Massachusetts, USA]",0,0,0,22,2021-02-13T07:39:22.000-06:00,Sitting at my desk at work and thinking to myself.... Will I ever be able to see @BTS_twt in concert? With this whole pandemic....my hope is slowly fadingğŸ¥ºğŸ˜•ğŸ˜” #bts #savemebts,54
2021-02-13,7,en,0,39,"[Massachusetts, USA]",0,0,0,22,2021-02-13T07:39:22.000-06:00,Sitting at my desk at work and thinking to myself.... Will I ever be able to see @BTS_twt in concert? With this whole pandemic....my hope is slowly fadingğŸ¥ºğŸ˜•ğŸ˜” #bts #savemebts,55
2021-02-13,7,en,0,39,"[Massachusetts, USA]",0,0,0,22,2021-02-13T07:39:22.000-06:00,Sitting at my desk at work and thinking to myself.... Will I ever be able to see @BTS_twt in concert? With this whole pandemic....my hope is slowly fadingğŸ¥ºğŸ˜•ğŸ˜” #bts #savemebts,56
2021-02-13,7,en,0,52,[Botswana],0,0,0,6,2021-02-13T07:52:06.000-06:00,ARMY ONCE AGAIN BE CAREFUL OF WHOM YOU ARE VOTING FOR! ONLY VOTE FOR J-HOPE!!!!!ğŸš¨ #JHOPE @BTS_twt https://t.co/OhnhkrZJtO,57
2021-02-13,7,en,0,52,[Botswana],0,0,0,6,2021-02-13T07:52:06.000-06:00,ARMY ONCE AGAIN BE CAREFUL OF WHOM YOU ARE VOTING FOR! ONLY VOTE FOR J-HOPE!!!!!ğŸš¨ #JHOPE @BTS_twt https://t.co/OhnhkrZJtO,58
2021-02-13,7,en,0,52,[Botswana],0,0,0,6,2021-02-13T07:52:06.000-06:00,ARMY ONCE AGAIN BE CAREFUL OF WHOM YOU ARE VOTING FOR! ONLY VOTE FOR J-HOPE!!!!!ğŸš¨ #JHOPE @BTS_twt https://t.co/OhnhkrZJtO,59
2021-02-13,7,en,0,52,[Botswana],0,0,0,6,2021-02-13T07:52:06.000-06:00,ARMY ONCE AGAIN BE CAREFUL OF WHOM YOU ARE VOTING FOR! ONLY VOTE FOR J-HOPE!!!!!ğŸš¨ #JHOPE @BTS_twt https://t.co/OhnhkrZJtO,60
2021-02-13,7,en,0,52,[Botswana],0,0,0,6,2021-02-13T07:52:06.000-06:00,ARMY ONCE AGAIN BE CAREFUL OF WHOM YOU ARE VOTING FOR! ONLY VOTE FOR J-HOPE!!!!!ğŸš¨ #JHOPE @BTS_twt https://t.co/OhnhkrZJtO,61
2021-02-13,7,en,0,52,[Botswana],0,0,0,6,2021-02-13T07:52:06.000-06:00,ARMY ONCE AGAIN BE CAREFUL OF WHOM YOU ARE VOTING FOR! ONLY VOTE FOR J-HOPE!!!!!ğŸš¨ #JHOPE @BTS_twt https://t.co/OhnhkrZJtO,62
2021-02-13,7,en,0,52,[Botswana],0,0,0,6,2021-02-13T07:52:06.000-06:00,ARMY ONCE AGAIN BE CAREFUL OF WHOM YOU ARE VOTING FOR! ONLY VOTE FOR J-HOPE!!!!!ğŸš¨ #JHOPE @BTS_twt https://t.co/OhnhkrZJtO,63
2021-02-13,7,und,0,56,[ë°©íƒ„ì†Œë…„ë‹¨ ë²„ìŠ¤ì •ë¥˜ì¥ BTS Bus Stop],0,0,0,33,2021-02-13T07:56:33.000-06:00,"#4YearsWithSpringDay ğŸŒ¸
#BTS #ë°©íƒ„ì†Œë…„ë‹¨ @BTS_twt https://t.co/8u3iOdMOJP",78
2021-02-13,7,und,0,56,[ë°©íƒ„ì†Œë…„ë‹¨ ë²„ìŠ¤ì •ë¥˜ì¥ BTS Bus Stop],0,0,0,33,2021-02-13T07:56:33.000-06:00,"#4YearsWithSpringDay ğŸŒ¸
#BTS #ë°©íƒ„ì†Œë…„ë‹¨ @BTS_twt https://t.co/8u3iOdMOJP",79
2021-02-13,7,und,0,56,[ë°©íƒ„ì†Œë…„ë‹¨ ë²„ìŠ¤ì •ë¥˜ì¥ BTS Bus Stop],0,0,0,33,2021-02-13T07:56:33.000-06:00,"#4YearsWithSpringDay ğŸŒ¸
#BTS #ë°©íƒ„ì†Œë…„ë‹¨ @BTS_twt https://t.co/8u3iOdMOJP",80
2021-02-13,7,und,0,56,[ë°©íƒ„ì†Œë…„ë‹¨ ë²„ìŠ¤ì •ë¥˜ì¥ BTS Bus Stop],0,0,0,33,2021-02-13T07:56:33.000-06:00,"#4YearsWithSpringDay ğŸŒ¸
#BTS #ë°©íƒ„ì†Œë…„ë‹¨ @BTS_twt https://t.co/8u3iOdMOJP",81
2021-02-13,7,und,0,56,[ë°©íƒ„ì†Œë…„ë‹¨ ë²„ìŠ¤ì •ë¥˜ì¥ BTS Bus Stop],0,0,0,33,2021-02-13T07:56:33.000-06:00,"#4YearsWithSpringDay ğŸŒ¸
#BTS #ë°©íƒ„ì†Œë…„ë‹¨ @BTS_twt https://t.co/8u3iOdMOJP",82
2021-02-13,7,und,0,56,[ë°©íƒ„ì†Œë…„ë‹¨ ë²„ìŠ¤ì •ë¥˜ì¥ BTS Bus Stop],0,0,0,33,2021-02-13T07:56:33.000-06:00,"#4YearsWithSpringDay ğŸŒ¸
#BTS #ë°©íƒ„ì†Œë…„ë‹¨ @BTS_twt https://t.co/8u3iOdMOJP",83
2021-02-13,7,und,0,56,[ë°©íƒ„ì†Œë…„ë‹¨ ë²„ìŠ¤ì •ë¥˜ì¥ BTS Bus Stop],0,0,0,33,2021-02-13T07:56:33.000-06:00,"#4YearsWithSpringDay ğŸŒ¸
#BTS #ë°©íƒ„ì†Œë…„ë‹¨ @BTS_twt https://t.co/8u3iOdMOJP",84
2021-02-13,7,ru,0,57,"[ĞÑ‹Ñ‚Ğ²ĞµĞ½ÑĞºĞ¸Ğ¹ Ñ€Ğ°Ğ¹Ğ¾Ğ½, Ğ Ğ¾ÑÑĞ¸Ñ]",0,0,0,59,2021-02-13T07:57:59.000-06:00,"Ğ”Ğ²Ğ° Ğ¼ĞµÑÑÑ†Ğ° ÑˆĞ»Ğ¸ Ğ±Ñ€Ğ°ÑĞ»ĞµÑ‚Ñ‹ Ñ ĞĞ»Ğ¸ĞºĞ°
Ğ¡Ñ‚Ğ°Ñ€Ğ°Ñ Ğ¸ Ğ¼Ğ°Ğ»Ğ°Ñ Ğ°Ñ€Ğ¼Ğ¸ ÑƒĞ¿Ğ¸ÑĞ°Ğ»Ğ¸ÑÑŒ Ğ¾Ñ‚ ÑÑ‡Ğ°ÑÑ‚ÑŒÑ
#BTS #ARMY https://t.co/aRASFvfeKV",92
2021-02-13,7,ru,0,57,"[ĞÑ‹Ñ‚Ğ²ĞµĞ½ÑĞºĞ¸Ğ¹ Ñ€Ğ°Ğ¹Ğ¾Ğ½, Ğ Ğ¾ÑÑĞ¸Ñ]",0,0,0,59,2021-02-13T07:57:59.000-06:00,"Ğ”Ğ²Ğ° Ğ¼ĞµÑÑÑ†Ğ° ÑˆĞ»Ğ¸ Ğ±Ñ€Ğ°ÑĞ»ĞµÑ‚Ñ‹ Ñ ĞĞ»Ğ¸ĞºĞ°
Ğ¡Ñ‚Ğ°Ñ€Ğ°Ñ Ğ¸ Ğ¼Ğ°Ğ»Ğ°Ñ Ğ°Ñ€Ğ¼Ğ¸ ÑƒĞ¿Ğ¸ÑĞ°Ğ»Ğ¸ÑÑŒ Ğ¾Ñ‚ ÑÑ‡Ğ°ÑÑ‚ÑŒÑ
#BTS #ARMY https://t.co/aRASFvfeKV",93
2021-02-13,7,ru,0,57,"[ĞÑ‹Ñ‚Ğ²ĞµĞ½ÑĞºĞ¸Ğ¹ Ñ€Ğ°Ğ¹Ğ¾Ğ½, Ğ Ğ¾ÑÑĞ¸Ñ]",0,0,0,59,2021-02-13T07:57:59.000-06:00,"Ğ”Ğ²Ğ° Ğ¼ĞµÑÑÑ†Ğ° ÑˆĞ»Ğ¸ Ğ±Ñ€Ğ°ÑĞ»ĞµÑ‚Ñ‹ Ñ ĞĞ»Ğ¸ĞºĞ°
Ğ¡Ñ‚Ğ°Ñ€Ğ°Ñ Ğ¸ Ğ¼Ğ°Ğ»Ğ°Ñ Ğ°Ñ€Ğ¼Ğ¸ ÑƒĞ¿Ğ¸ÑĞ°Ğ»Ğ¸ÑÑŒ Ğ¾Ñ‚ ÑÑ‡Ğ°ÑÑ‚ÑŒÑ
#BTS #ARMY https://t.co/aRASFvfeKV",94
2021-02-13,7,ru,0,57,"[ĞÑ‹Ñ‚Ğ²ĞµĞ½ÑĞºĞ¸Ğ¹ Ñ€Ğ°Ğ¹Ğ¾Ğ½, Ğ Ğ¾ÑÑĞ¸Ñ]",0,0,0,59,2021-02-13T07:57:59.000-06:00,"Ğ”Ğ²Ğ° Ğ¼ĞµÑÑÑ†Ğ° ÑˆĞ»Ğ¸ Ğ±Ñ€Ğ°ÑĞ»ĞµÑ‚Ñ‹ Ñ ĞĞ»Ğ¸ĞºĞ°
Ğ¡Ñ‚Ğ°Ñ€Ğ°Ñ Ğ¸ Ğ¼Ğ°Ğ»Ğ°Ñ Ğ°Ñ€Ğ¼Ğ¸ ÑƒĞ¿Ğ¸ÑĞ°Ğ»Ğ¸ÑÑŒ Ğ¾Ñ‚ ÑÑ‡Ğ°ÑÑ‚ÑŒÑ
#BTS #ARMY https://t.co/aRASFvfeKV",95
2021-02-13,7,ru,0,57,"[ĞÑ‹Ñ‚Ğ²ĞµĞ½ÑĞºĞ¸Ğ¹ Ñ€Ğ°Ğ¹Ğ¾Ğ½, Ğ Ğ¾ÑÑĞ¸Ñ]",0,0,0,59,2021-02-13T07:57:59.000-06:00,"Ğ”Ğ²Ğ° Ğ¼ĞµÑÑÑ†Ğ° ÑˆĞ»Ğ¸ Ğ±Ñ€Ğ°ÑĞ»ĞµÑ‚Ñ‹ Ñ ĞĞ»Ğ¸ĞºĞ°
Ğ¡Ñ‚Ğ°Ñ€Ğ°Ñ Ğ¸ Ğ¼Ğ°Ğ»Ğ°Ñ Ğ°Ñ€Ğ¼Ğ¸ ÑƒĞ¿Ğ¸ÑĞ°Ğ»Ğ¸ÑÑŒ Ğ¾Ñ‚ ÑÑ‡Ğ°ÑÑ‚ÑŒÑ
#BTS #ARMY https://t.co/aRASFvfeKV",96
2021-02-13,7,ru,0,57,"[ĞÑ‹Ñ‚Ğ²ĞµĞ½ÑĞºĞ¸Ğ¹ Ñ€Ğ°Ğ¹Ğ¾Ğ½, Ğ Ğ¾ÑÑĞ¸Ñ]",0,0,0,59,2021-02-13T07:57:59.000-06:00,"Ğ”Ğ²Ğ° Ğ¼ĞµÑÑÑ†Ğ° ÑˆĞ»Ğ¸ Ğ±Ñ€Ğ°ÑĞ»ĞµÑ‚Ñ‹ Ñ ĞĞ»Ğ¸ĞºĞ°
Ğ¡Ñ‚Ğ°Ñ€Ğ°Ñ Ğ¸ Ğ¼Ğ°Ğ»Ğ°Ñ Ğ°Ñ€Ğ¼Ğ¸ ÑƒĞ¿Ğ¸ÑĞ°Ğ»Ğ¸ÑÑŒ Ğ¾Ñ‚ ÑÑ‡Ğ°ÑÑ‚ÑŒÑ
#BTS #ARMY https://t.co/aRASFvfeKV",97
2021-02-13,7,ru,0,57,"[ĞÑ‹Ñ‚Ğ²ĞµĞ½ÑĞºĞ¸Ğ¹ Ñ€Ğ°Ğ¹Ğ¾Ğ½, Ğ Ğ¾ÑÑĞ¸Ñ]",0,0,0,59,2021-02-13T07:57:59.000-06:00,"Ğ”Ğ²Ğ° Ğ¼ĞµÑÑÑ†Ğ° ÑˆĞ»Ğ¸ Ğ±Ñ€Ğ°ÑĞ»ĞµÑ‚Ñ‹ Ñ ĞĞ»Ğ¸ĞºĞ°
Ğ¡Ñ‚Ğ°Ñ€Ğ°Ñ Ğ¸ Ğ¼Ğ°Ğ»Ğ°Ñ Ğ°Ñ€Ğ¼Ğ¸ ÑƒĞ¿Ğ¸ÑĞ°Ğ»Ğ¸ÑÑŒ Ğ¾Ñ‚ ÑÑ‡Ğ°ÑÑ‚ÑŒÑ
#BTS #ARMY https://t.co/aRASFvfeKV",98
2021-02-13,8,en,0,2,[Botswana],0,0,0,12,2021-02-13T08:02:12.000-06:00,"ARMY BE CAREFUL THE GAP IS DECREASING!!!!!ğŸš¨ğŸš¨ğŸš¨ğŸš¨ğŸš¨ğŸš¨ ONLY VOTE FOR J-HOPE! ONLY VOTE FOR J-HOPE! ONLY VOTE FOR J-HOPE!!! ONLY VOTE FOR J-HOPE!!! #JHOPE @BTS_twt
https://t.co/cZtObA2cc9",99
2021-02-13,8,en,0,2,[Botswana],0,0,0,12,2021-02-13T08:02:12.000-06:00,"ARMY BE CAREFUL THE GAP IS DECREASING!!!!!ğŸš¨ğŸš¨ğŸš¨ğŸš¨ğŸš¨ğŸš¨ ONLY VOTE FOR J-HOPE! ONLY VOTE FOR J-HOPE! ONLY VOTE FOR J-HOPE!!! ONLY VOTE FOR J-HOPE!!! #JHOPE @BTS_twt
https://t.co/cZtObA2cc9",100
2021-02-13,8,en,0,2,[Botswana],0,0,0,12,2021-02-13T08:02:12.000-06:00,"ARMY BE CAREFUL THE GAP IS DECREASING!!!!!ğŸš¨ğŸš¨ğŸš¨ğŸš¨ğŸš¨ğŸš¨ ONLY VOTE FOR J-HOPE! ONLY VOTE FOR J-HOPE! ONLY VOTE FOR J-HOPE!!! ONLY VOTE FOR J-HOPE!!! #JHOPE @BTS_twt
https://t.co/cZtObA2cc9",101
2021-02-13,8,en,0,2,[Botswana],0,0,0,12,2021-02-13T08:02:12.000-06:00,"ARMY BE CAREFUL THE GAP IS DECREASING!!!!!ğŸš¨ğŸš¨ğŸš¨ğŸš¨ğŸš¨ğŸš¨ ONLY VOTE FOR J-HOPE! ONLY VOTE FOR J-HOPE! ONLY VOTE FOR J-HOPE!!! ONLY VOTE FOR J-HOPE!!! #JHOPE @BTS_twt
https://t.co/cZtObA2cc9",102
2021-02-13,8,en,0,2,[Botswana],0,0,0,12,2021-02-13T08:02:12.000-06:00,"ARMY BE CAREFUL THE GAP IS DECREASING!!!!!ğŸš¨ğŸš¨ğŸš¨ğŸš¨ğŸš¨ğŸš¨ ONLY VOTE FOR J-HOPE! ONLY VOTE FOR J-HOPE! ONLY VOTE FOR J-HOPE!!! ONLY VOTE FOR J-HOPE!!! #JHOPE @BTS_twt
https://t.co/cZtObA2cc9",103
2021-02-13,8,en,0,2,[Botswana],0,0,0,12,2021-02-13T08:02:12.000-06:00,"ARMY BE CAREFUL THE GAP IS DECREASING!!!!!ğŸš¨ğŸš¨ğŸš¨ğŸš¨ğŸš¨ğŸš¨ ONLY VOTE FOR J-HOPE! ONLY VOTE FOR J-HOPE! ONLY VOTE FOR J-HOPE!!! ONLY VOTE FOR J-HOPE!!! #JHOPE @BTS_twt
https://t.co/cZtObA2cc9",104
2021-02-13,8,en,0,2,[Botswana],0,0,0,12,2021-02-13T08:02:12.000-06:00,"ARMY BE CAREFUL THE GAP IS DECREASING!!!!!ğŸš¨ğŸš¨ğŸš¨ğŸš¨ğŸš¨ğŸš¨ ONLY VOTE FOR J-HOPE! ONLY VOTE FOR J-HOPE! ONLY VOTE FOR J-HOPE!!! ONLY VOTE FOR J-HOPE!!! #JHOPE @BTS_twt
https://t.co/cZtObA2cc9",105
2021-02-13,8,en,1,25,[Botswana],0,0,1,57,2021-02-13T08:25:57.000-06:00,"We've lost the lead within 20 hours 3 minutes! If you haven't voted, please do it now cause we can't lose yet another birthday ad votings for J-Hope!!!! #JHOPE @BTS_twt https://t.co/cZtObA2cc9",119
2021-02-13,8,en,1,25,[Botswana],0,0,1,57,2021-02-13T08:25:57.000-06:00,"We've lost the lead within 20 hours 3 minutes! If you haven't voted, please do it now cause we can't lose yet another birthday ad votings for J-Hope!!!! #JHOPE @BTS_twt https://t.co/cZtObA2cc9",120
2021-02-13,8,en,1,25,[Botswana],0,0,1,57,2021-02-13T08:25:57.000-06:00,"We've lost the lead within 20 hours 3 minutes! If you haven't voted, please do it now cause we can't lose yet another birthday ad votings for J-Hope!!!! #JHOPE @BTS_twt https://t.co/cZtObA2cc9",121
2021-02-13,8,en,1,25,[Botswana],0,0,1,57,2021-02-13T08:25:57.000-06:00,"We've lost the lead within 20 hours 3 minutes! If you haven't voted, please do it now cause we can't lose yet another birthday ad votings for J-Hope!!!! #JHOPE @BTS_twt https://t.co/cZtObA2cc9",122
2021-02-13,8,en,1,25,[Botswana],0,0,1,57,2021-02-13T08:25:57.000-06:00,"We've lost the lead within 20 hours 3 minutes! If you haven't voted, please do it now cause we can't lose yet another birthday ad votings for J-Hope!!!! #JHOPE @BTS_twt https://t.co/cZtObA2cc9",123
2021-02-13,8,en,1,25,[Botswana],0,0,1,57,2021-02-13T08:25:57.000-06:00,"We've lost the lead within 20 hours 3 minutes! If you haven't voted, please do it now cause we can't lose yet another birthday ad votings for J-Hope!!!! #JHOPE @BTS_twt https://t.co/cZtObA2cc9",124
2021-02-13,8,es,0,37,"[Guayaquil, Ecuador]",0,0,0,24,2021-02-13T08:37:24.000-06:00,Para quien vive y respira mÃºsica es un alivio mantener al menos un Ã¡lbum no explorado. Solo me quedÃ³ el #kpop https://t.co/qOV0RyZFqD,149
2021-02-13,8,es,0,37,"[Guayaquil, Ecuador]",0,0,0,24,2021-02-13T08:37:24.000-06:00,Para quien vive y respira mÃºsica es un alivio mantener al menos un Ã¡lbum no explorado. Solo me quedÃ³ el #kpop https://t.co/qOV0RyZFqD,150
2021-02-13,8,es,0,37,"[Guayaquil, Ecuador]",0,0,0,24,2021-02-13T08:37:24.000-06:00,Para quien vive y respira mÃºsica es un alivio mantener al menos un Ã¡lbum no explorado. Solo me quedÃ³ el #kpop https://t.co/qOV0RyZFqD,151
2021-02-13,8,es,0,37,"[Guayaquil, Ecuador]",0,0,0,24,2021-02-13T08:37:24.000-06:00,Para quien vive y respira mÃºsica es un alivio mantener al menos un Ã¡lbum no explorado. Solo me quedÃ³ el #kpop https://t.co/qOV0RyZFqD,152
2021-02-13,8,es,0,37,"[Guayaquil, Ecuador]",0,0,0,24,2021-02-13T08:37:24.000-06:00,Para quien vive y respira mÃºsica es un alivio mantener al menos un Ã¡lbum no explorado. Solo me quedÃ³ el #kpop https://t.co/qOV0RyZFqD,153
2021-02-13,8,es,0,37,"[Guayaquil, Ecuador]",0,0,0,24,2021-02-13T08:37:24.000-06:00,Para quien vive y respira mÃºsica es un alivio mantener al menos un Ã¡lbum no explorado. Solo me quedÃ³ el #kpop https://t.co/qOV0RyZFqD,154
2021-02-13,8,en,0,39,[Botswana],0,0,0,10,2021-02-13T08:39:10.000-06:00,"Oh dear.... I hope Army will participate in this voting for our J-Hope!!!!! We have to support all the members! So let's do it right and vote for J-Hope!!!! He deserves to win the promotional banner in Thailand.âğŸ’œ @BTS_twt #JHOPE
https://t.co/cZtObA2cc9",161
2021-02-13,8,en,0,39,[Botswana],0,0,0,10,2021-02-13T08:39:10.000-06:00,"Oh dear.... I hope Army will participate in this voting for our J-Hope!!!!! We have to support all the members! So let's do it right and vote for J-Hope!!!! He deserves to win the promotional banner in Thailand.âğŸ’œ @BTS_twt #JHOPE
https://t.co/cZtObA2cc9",162
2021-02-13,8,en,0,39,[Botswana],0,0,0,10,2021-02-13T08:39:10.000-06:00,"Oh dear.... I hope Army will participate in this voting for our J-Hope!!!!! We have to support all the members! So let's do it right and vote for J-Hope!!!! He deserves to win the promotional banner in Thailand.âğŸ’œ @BTS_twt #JHOPE
https://t.co/cZtObA2cc9",163
2021-02-13,8,en,0,39,[Botswana],0,0,0,10,2021-02-13T08:39:10.000-06:00,"Oh dear.... I hope Army will participate in this voting for our J-Hope!!!!! We have to support all the members! So let's do it right and vote for J-Hope!!!! He deserves to win the promotional banner in Thailand.âğŸ’œ @BTS_twt #JHOPE
https://t.co/cZtObA2cc9",164
2021-02-13,8,en,0,40,"[Mungyeong-si, Republic of Korea]",0,0,0,27,2021-02-13T08:40:27.000-06:00,"Long time no seeğŸ¤­
Hye Insta friendsğŸ˜‰

#BTS #ARMY #KimNamjoon #KimSeokjin #MinYoongi #JungHoseok #ParkJimin #KimTaehyung #JeonJungkook #RM #JIN #SUGA #JHOPE #JIMIN #V #JK #Taetae #Bwi #Vie #BabyBear #210213 https://t.co/4MOmjdpQwK",165
2021-02-13,8,en,0,40,"[Mungyeong-si, Republic of Korea]",0,0,0,27,2021-02-13T08:40:27.000-06:00,"Long time no seeğŸ¤­
Hye Insta friendsğŸ˜‰

#BTS #ARMY #KimNamjoon #KimSeokjin #MinYoongi #JungHoseok #ParkJimin #KimTaehyung #JeonJungkook #RM #JIN #SUGA #JHOPE #JIMIN #V #JK #Taetae #Bwi #Vie #BabyBear #210213 https://t.co/4MOmjdpQwK",166
2021-02-13,8,en,0,40,"[Mungyeong-si, Republic of Korea]",0,0,0,27,2021-02-13T08:40:27.000-06:00,"Long time no seeğŸ¤­
Hye Insta friendsğŸ˜‰

#BTS #ARMY #KimNamjoon #KimSeokjin #MinYoongi #JungHoseok #ParkJimin #KimTaehyung #JeonJungkook #RM #JIN #SUGA #JHOPE #JIMIN #V #JK #Taetae #Bwi #Vie #BabyBear #210213 https://t.co/4MOmjdpQwK",167
2021-02-13,8,en,0,40,"[Mungyeong-si, Republic of Korea]",0,0,0,27,2021-02-13T08:40:27.000-06:00,"Long time no seeğŸ¤­
Hye Insta friendsğŸ˜‰

#BTS #ARMY #KimNamjoon #KimSeokjin #MinYoongi #JungHoseok #ParkJimin #KimTaehyung #JeonJungkook #RM #JIN #SUGA #JHOPE #JIMIN #V #JK #Taetae #Bwi #Vie #BabyBear #210213 https://t.co/4MOmjdpQwK",168
2021-02-13,8,en,0,40,"[Mungyeong-si, Republic of Korea]",0,0,0,27,2021-02-13T08:40:27.000-06:00,"Long time no seeğŸ¤­
Hye Insta friendsğŸ˜‰

#BTS #ARMY #KimNamjoon #KimSeokjin #MinYoongi #JungHoseok #ParkJimin #KimTaehyung #JeonJungkook #RM #JIN #SUGA #JHOPE #JIMIN #V #JK #Taetae #Bwi #Vie #BabyBear #210213 https://t.co/4MOmjdpQwK",169
2021-02-13,8,en,0,40,"[Mungyeong-si, Republic of Korea]",0,0,0,27,2021-02-13T08:40:27.000-06:00,"Long time no seeğŸ¤­
Hye Insta friendsğŸ˜‰

#BTS #ARMY #KimNamjoon #KimSeokjin #MinYoongi #JungHoseok #ParkJimin #KimTaehyung #JeonJungkook #RM #JIN #SUGA #JHOPE #JIMIN #V #JK #Taetae #Bwi #Vie #BabyBear #210213 https://t.co/4MOmjdpQwK",170
2021-02-13,8,en,0,40,"[Mungyeong-si, Republic of Korea]",0,0,0,27,2021-02-13T08:40:27.000-06:00,"Long time no seeğŸ¤­
Hye Insta friendsğŸ˜‰

#BTS #ARMY #KimNamjoon #KimSeokjin #MinYoongi #JungHoseok #ParkJimin #KimTaehyung #JeonJungkook #RM #JIN #SUGA #JHOPE #JIMIN #V #JK #Taetae #Bwi #Vie #BabyBear #210213 https://t.co/4MOmjdpQwK",171
2021-02-13,8,es,0,44,"[Central, Paraguay]",0,0,0,45,2021-02-13T08:44:45.000-06:00,Cuando te dicen que debes de cuidarle a tu sobrino y que te comportes ğŸ˜… #Ddaeng  #BTS #jhope https://t.co/OuT1LcnTK9,186
2021-02-13,8,es,0,44,"[Central, Paraguay]",0,0,0,45,2021-02-13T08:44:45.000-06:00,Cuando te dicen que debes de cuidarle a tu sobrino y que te comportes ğŸ˜… #Ddaeng  #BTS #jhope https://t.co/OuT1LcnTK9,187
2021-02-13,8,es,0,44,"[Central, Paraguay]",0,0,0,45,2021-02-13T08:44:45.000-06:00,Cuando te dicen que debes de cuidarle a tu sobrino y que te comportes ğŸ˜… #Ddaeng  #BTS #jhope https://t.co/OuT1LcnTK9,188
2021-02-13,8,es,0,44,"[Central, Paraguay]",0,0,0,45,2021-02-13T08:44:45.000-06:00,Cuando te dicen que debes de cuidarle a tu sobrino y que te comportes ğŸ˜… #Ddaeng  #BTS #jhope https://t.co/OuT1LcnTK9,189
2021-02-13,8,es,0,44,"[Central, Paraguay]",0,0,0,45,2021-02-13T08:44:45.000-06:00,Cuando te dicen que debes de cuidarle a tu sobrino y que te comportes ğŸ˜… #Ddaeng  #BTS #jhope https://t.co/OuT1LcnTK9,190
2021-02-13,8,es,0,44,"[Central, Paraguay]",0,0,0,45,2021-02-13T08:44:45.000-06:00,Cuando te dicen que debes de cuidarle a tu sobrino y que te comportes ğŸ˜… #Ddaeng  #BTS #jhope https://t.co/OuT1LcnTK9,191
2021-02-13,8,ko,0,50,"[Dobong-gu, Republic of Korea]",0,0,0,30,2021-02-13T08:50:30.000-06:00,"ë°©íƒ„ì—ì„œ ìƒˆí•´ ë³µ ë§ì´ ë°›ìœ¼ì„¸ìš”ğŸ’œ
#BTS #ARMY #KimNamjoon #KimSeokjin #MinYoongi #JungHoseok #ParkJimin #KimTaehyung #JeonJungkook #RM #JIN #SUGA #JHOPE #JIMIN #V #JK #HNY #Seollal #210213 @ ìƒˆí•´ë³µë§ì´ë°›ìœ¼ì„¸ìš” https://t.co/JhwqZcpchl",192
2021-02-13,8,ko,0,50,"[Dobong-gu, Republic of Korea]",0,0,0,30,2021-02-13T08:50:30.000-06:00,"ë°©íƒ„ì—ì„œ ìƒˆí•´ ë³µ ë§ì´ ë°›ìœ¼ì„¸ìš”ğŸ’œ
#BTS #ARMY #KimNamjoon #KimSeokjin #MinYoongi #JungHoseok #ParkJimin #KimTaehyung #JeonJungkook #RM #JIN #SUGA #JHOPE #JIMIN #V #JK #HNY #Seollal #210213 @ ìƒˆí•´ë³µë§ì´ë°›ìœ¼ì„¸ìš” https://t.co/JhwqZcpchl",193
2021-02-13,8,ko,0,50,"[Dobong-gu, Republic of Korea]",0,0,0,30,2021-02-13T08:50:30.000-06:00,"ë°©íƒ„ì—ì„œ ìƒˆí•´ ë³µ ë§ì´ ë°›ìœ¼ì„¸ìš”ğŸ’œ
#BTS #ARMY #KimNamjoon #KimSeokjin #MinYoongi #JungHoseok #ParkJimin #KimTaehyung #JeonJungkook #RM #JIN #SUGA #JHOPE #JIMIN #V #JK #HNY #Seollal #210213 @ ìƒˆí•´ë³µë§ì´ë°›ìœ¼ì„¸ìš” https://t.co/JhwqZcpchl",194
2021-02-13,8,ko,0,50,"[Dobong-gu, Republic of Korea]",0,0,0,30,2021-02-13T08:50:30.000-06:00,"ë°©íƒ„ì—ì„œ ìƒˆí•´ ë³µ ë§ì´ ë°›ìœ¼ì„¸ìš”ğŸ’œ
#BTS #ARMY #KimNamjoon #KimSeokjin #MinYoongi #JungHoseok #ParkJimin #KimTaehyung #JeonJungkook #RM #JIN #SUGA #JHOPE #JIMIN #V #JK #HNY #Seollal #210213 @ ìƒˆí•´ë³µë§ì´ë°›ìœ¼ì„¸ìš” https://t.co/JhwqZcpchl",195
2021-02-13,8,ko,0,50,"[Dobong-gu, Republic of Korea]",0,0,0,30,2021-02-13T08:50:30.000-06:00,"ë°©íƒ„ì—ì„œ ìƒˆí•´ ë³µ ë§ì´ ë°›ìœ¼ì„¸ìš”ğŸ’œ
#BTS #ARMY #KimNamjoon #KimSeokjin #MinYoongi #JungHoseok #ParkJimin #KimTaehyung #JeonJungkook #RM #JIN #SUGA #JHOPE #JIMIN #V #JK #HNY #Seollal #210213 @ ìƒˆí•´ë³µë§ì´ë°›ìœ¼ì„¸ìš” https://t.co/JhwqZcpchl",196
2021-02-13,8,ko,0,50,"[Dobong-gu, Republic of Korea]",0,0,0,30,2021-02-13T08:50:30.000-06:00,"ë°©íƒ„ì—ì„œ ìƒˆí•´ ë³µ ë§ì´ ë°›ìœ¼ì„¸ìš”ğŸ’œ
#BTS #ARMY #KimNamjoon #KimSeokjin #MinYoongi #JungHoseok #ParkJimin #KimTaehyung #JeonJungkook #RM #JIN #SUGA #JHOPE #JIMIN #V #JK #HNY #Seollal #210213 @ ìƒˆí•´ë³µë§ì´ë°›ìœ¼ì„¸ìš” https://t.co/JhwqZcpchl",197
2021-02-13,8,en,0,59,"[Milan, Lombardy]",0,0,0,12,2021-02-13T08:59:12.000-06:00,"The awards that BTS won at the 2021 Radio Planeta Awards: â€¢ Best pop song: Dynamite â€¢ Best K-pop group: BTS â€¢ You are my favorite person: Jungkook Cr: btsturkey. @bts.bighitofficial en Milan, Italy https://t.co/kMOtsW2nqg",198
2021-02-13,8,en,0,59,"[Milan, Lombardy]",0,0,0,12,2021-02-13T08:59:12.000-06:00,"The awards that BTS won at the 2021 Radio Planeta Awards: â€¢ Best pop song: Dynamite â€¢ Best K-pop group: BTS â€¢ You are my favorite person: Jungkook Cr: btsturkey. @bts.bighitofficial en Milan, Italy https://t.co/kMOtsW2nqg",199
2021-02-13,8,en,0,59,"[Milan, Lombardy]",0,0,0,12,2021-02-13T08:59:12.000-06:00,"The awards that BTS won at the 2021 Radio Planeta Awards: â€¢ Best pop song: Dynamite â€¢ Best K-pop group: BTS â€¢ You are my favorite person: Jungkook Cr: btsturkey. @bts.bighitofficial en Milan, Italy https://t.co/kMOtsW2nqg",200
2021-02-13,8,en,0,59,"[Milan, Lombardy]",0,0,0,12,2021-02-13T08:59:12.000-06:00,"The awards that BTS won at the 2021 Radio Planeta Awards: â€¢ Best pop song: Dynamite â€¢ Best K-pop group: BTS â€¢ You are my favorite person: Jungkook Cr: btsturkey. @bts.bighitofficial en Milan, Italy https://t.co/kMOtsW2nqg",201
2021-02-13,8,en,0,59,"[Milan, Lombardy]",0,0,0,12,2021-02-13T08:59:12.000-06:00,"The awards that BTS won at the 2021 Radio Planeta Awards: â€¢ Best pop song: Dynamite â€¢ Best K-pop group: BTS â€¢ You are my favorite person: Jungkook Cr: btsturkey. @bts.bighitofficial en Milan, Italy https://t.co/kMOtsW2nqg",202
2021-02-13,8,en,0,59,"[Milan, Lombardy]",0,0,0,12,2021-02-13T08:59:12.000-06:00,"The awards that BTS won at the 2021 Radio Planeta Awards: â€¢ Best pop song: Dynamite â€¢ Best K-pop group: BTS â€¢ You are my favorite person: Jungkook Cr: btsturkey. @bts.bighitofficial en Milan, Italy https://t.co/kMOtsW2nqg",203
2021-02-13,9,en,0,8,"[Chom Phon, Thailand]",0,0,0,19,2021-02-13T09:08:19.000-06:00,6.13 will always be our lucky numbers @BTS_twt https://t.co/zsTLGuXYEL,264
2021-02-13,9,en,0,8,"[Chom Phon, Thailand]",0,0,0,19,2021-02-13T09:08:19.000-06:00,6.13 will always be our lucky numbers @BTS_twt https://t.co/zsTLGuXYEL,265
2021-02-13,9,en,0,8,"[Chom Phon, Thailand]",0,0,0,19,2021-02-13T09:08:19.000-06:00,6.13 will always be our lucky numbers @BTS_twt https://t.co/zsTLGuXYEL,266
2021-02-13,9,en,0,8,"[Chom Phon, Thailand]",0,0,0,19,2021-02-13T09:08:19.000-06:00,6.13 will always be our lucky numbers @BTS_twt https://t.co/zsTLGuXYEL,267
2021-02-13,9,en,0,8,"[Chom Phon, Thailand]",0,0,0,19,2021-02-13T09:08:19.000-06:00,6.13 will always be our lucky numbers @BTS_twt https://t.co/zsTLGuXYEL,268
2021-02-13,9,en,0,8,"[Chom Phon, Thailand]",0,0,0,19,2021-02-13T09:08:19.000-06:00,6.13 will always be our lucky numbers @BTS_twt https://t.co/zsTLGuXYEL,269
2021-02-13,9,en,0,12,[Botswana],0,0,0,16,2021-02-13T09:12:16.000-06:00,So we've went up to 933k for LGO but still we didn't make 1M views. Let's bring our energy back into streaming LGO before the release of BE Essential!!!! Let's increase all of our views starting now! @BTS_twt #BTS #RM #JIN #SUGA #JHOPE #JIMIN #V #JUNGKOOK https://t.co/PNoppbVnra,270
2021-02-13,9,en,0,12,[Botswana],0,0,0,16,2021-02-13T09:12:16.000-06:00,So we've went up to 933k for LGO but still we didn't make 1M views. Let's bring our energy back into streaming LGO before the release of BE Essential!!!! Let's increase all of our views starting now! @BTS_twt #BTS #RM #JIN #SUGA #JHOPE #JIMIN #V #JUNGKOOK https://t.co/PNoppbVnra,271
2021-02-13,9,en,0,12,[Botswana],0,0,0,16,2021-02-13T09:12:16.000-06:00,So we've went up to 933k for LGO but still we didn't make 1M views. Let's bring our energy back into streaming LGO before the release of BE Essential!!!! Let's increase all of our views starting now! @BTS_twt #BTS #RM #JIN #SUGA #JHOPE #JIMIN #V #JUNGKOOK https://t.co/PNoppbVnra,272
2021-02-13,9,en,0,12,[Botswana],0,0,0,16,2021-02-13T09:12:16.000-06:00,So we've went up to 933k for LGO but still we didn't make 1M views. Let's bring our energy back into streaming LGO before the release of BE Essential!!!! Let's increase all of our views starting now! @BTS_twt #BTS #RM #JIN #SUGA #JHOPE #JIMIN #V #JUNGKOOK https://t.co/PNoppbVnra,273
2021-02-13,9,en,0,12,[Botswana],0,0,0,16,2021-02-13T09:12:16.000-06:00,So we've went up to 933k for LGO but still we didn't make 1M views. Let's bring our energy back into streaming LGO before the release of BE Essential!!!! Let's increase all of our views starting now! @BTS_twt #BTS #RM #JIN #SUGA #JHOPE #JIMIN #V #JUNGKOOK https://t.co/PNoppbVnra,274
2021-02-13,9,en,0,12,[Botswana],0,0,0,16,2021-02-13T09:12:16.000-06:00,So we've went up to 933k for LGO but still we didn't make 1M views. Let's bring our energy back into streaming LGO before the release of BE Essential!!!! Let's increase all of our views starting now! @BTS_twt #BTS #RM #JIN #SUGA #JHOPE #JIMIN #V #JUNGKOOK https://t.co/PNoppbVnra,275
2021-02-13,9,en,0,16,"[Arizona, USA]",0,0,0,33,2021-02-13T09:16:33.000-06:00,@BTS_twt I love you guys BTS â¤ï¸ #BTS #RM,282
2021-02-13,9,en,0,16,"[Arizona, USA]",0,0,0,33,2021-02-13T09:16:33.000-06:00,@BTS_twt I love you guys BTS â¤ï¸ #BTS #RM,283
2021-02-13,9,en,0,16,"[Arizona, USA]",0,0,0,33,2021-02-13T09:16:33.000-06:00,@BTS_twt I love you guys BTS â¤ï¸ #BTS #RM,284
2021-02-13,9,en,0,16,"[Arizona, USA]",0,0,0,33,2021-02-13T09:16:33.000-06:00,@BTS_twt I love you guys BTS â¤ï¸ #BTS #RM,285
2021-02-13,9,en,0,16,"[Arizona, USA]",0,0,0,33,2021-02-13T09:16:33.000-06:00,@BTS_twt I love you guys BTS â¤ï¸ #BTS #RM,286
2021-02-13,9,en,0,16,"[Arizona, USA]",0,0,0,33,2021-02-13T09:16:33.000-06:00,@BTS_twt I love you guys BTS â¤ï¸ #BTS #RM,287
2021-02-13,9,ru,0,18,"[Province of Novosibirsk, Russia]",0,0,0,23,2021-02-13T09:18:23.000-06:00,"ğŸ˜­ Ğ§Ğ¸Ğ¼Ğ¸Ğ½Ğ¸ Ğ´Ğ¾Ğ±Ğ°Ğ²Ğ¸Ğ» Ñ‡Ğ°ÑÑ‹ Ğ¸ ÑÑ‚Ğ¾Ğ»Ğ¸Ğº...
\"ĞĞ° ÑÑ‚Ğ¸Ñ… Ñ‡Ğ°ÑĞ°Ñ… Ğ²ÑĞµĞ³Ğ´Ğ° 6:13\"...

#BTS #ë°©íƒ„ì†Œë…„ë‹¨ #BTS_BE 
#Curated_for_ARMY #Jimin #ì§€ë¯¼ https://t.co/4pla5EXdNu",288
2021-02-13,9,ru,0,18,"[Province of Novosibirsk, Russia]",0,0,0,23,2021-02-13T09:18:23.000-06:00,"ğŸ˜­ Ğ§Ğ¸Ğ¼Ğ¸Ğ½Ğ¸ Ğ´Ğ¾Ğ±Ğ°Ğ²Ğ¸Ğ» Ñ‡Ğ°ÑÑ‹ Ğ¸ ÑÑ‚Ğ¾Ğ»Ğ¸Ğº...
\"ĞĞ° ÑÑ‚Ğ¸Ñ… Ñ‡Ğ°ÑĞ°Ñ… Ğ²ÑĞµĞ³Ğ´Ğ° 6:13\"...

#BTS #ë°©íƒ„ì†Œë…„ë‹¨ #BTS_BE 
#Curated_for_ARMY #Jimin #ì§€ë¯¼ https://t.co/4pla5EXdNu",289
2021-02-13,9,ru,0,18,"[Province of Novosibirsk, Russia]",0,0,0,23,2021-02-13T09:18:23.000-06:00,"ğŸ˜­ Ğ§Ğ¸Ğ¼Ğ¸Ğ½Ğ¸ Ğ´Ğ¾Ğ±Ğ°Ğ²Ğ¸Ğ» Ñ‡Ğ°ÑÑ‹ Ğ¸ ÑÑ‚Ğ¾Ğ»Ğ¸Ğº...
\"ĞĞ° ÑÑ‚Ğ¸Ñ… Ñ‡Ğ°ÑĞ°Ñ… Ğ²ÑĞµĞ³Ğ´Ğ° 6:13\"...

#BTS #ë°©íƒ„ì†Œë…„ë‹¨ #BTS_BE 
#Curated_for_ARMY #Jimin #ì§€ë¯¼ https://t.co/4pla5EXdNu",290
2021-02-13,9,ru,0,18,"[Province of Novosibirsk, Russia]",0,0,0,23,2021-02-13T09:18:23.000-06:00,"ğŸ˜­ Ğ§Ğ¸Ğ¼Ğ¸Ğ½Ğ¸ Ğ´Ğ¾Ğ±Ğ°Ğ²Ğ¸Ğ» Ñ‡Ğ°ÑÑ‹ Ğ¸ ÑÑ‚Ğ¾Ğ»Ğ¸Ğº...
\"ĞĞ° ÑÑ‚Ğ¸Ñ… Ñ‡Ğ°ÑĞ°Ñ… Ğ²ÑĞµĞ³Ğ´Ğ° 6:13\"...

#BTS #ë°©íƒ„ì†Œë…„ë‹¨ #BTS_BE 
#Curated_for_ARMY #Jimin #ì§€ë¯¼ https://t.co/4pla5EXdNu",291
2021-02-13,9,ru,0,18,"[Province of Novosibirsk, Russia]",0,0,0,23,2021-02-13T09:18:23.000-06:00,"ğŸ˜­ Ğ§Ğ¸Ğ¼Ğ¸Ğ½Ğ¸ Ğ´Ğ¾Ğ±Ğ°Ğ²Ğ¸Ğ» Ñ‡Ğ°ÑÑ‹ Ğ¸ ÑÑ‚Ğ¾Ğ»Ğ¸Ğº...
\"ĞĞ° ÑÑ‚Ğ¸Ñ… Ñ‡Ğ°ÑĞ°Ñ… Ğ²ÑĞµĞ³Ğ´Ğ° 6:13\"...

#BTS #ë°©íƒ„ì†Œë…„ë‹¨ #BTS_BE 
#Curated_for_ARMY #Jimin #ì§€ë¯¼ https://t.co/4pla5EXdNu",292
2021-02-13,9,ru,0,18,"[Province of Novosibirsk, Russia]",0,0,0,23,2021-02-13T09:18:23.000-06:00,"ğŸ˜­ Ğ§Ğ¸Ğ¼Ğ¸Ğ½Ğ¸ Ğ´Ğ¾Ğ±Ğ°Ğ²Ğ¸Ğ» Ñ‡Ğ°ÑÑ‹ Ğ¸ ÑÑ‚Ğ¾Ğ»Ğ¸Ğº...
\"ĞĞ° ÑÑ‚Ğ¸Ñ… Ñ‡Ğ°ÑĞ°Ñ… Ğ²ÑĞµĞ³Ğ´Ğ° 6:13\"...

#BTS #ë°©íƒ„ì†Œë…„ë‹¨ #BTS_BE 
#Curated_for_ARMY #Jimin #ì§€ë¯¼ https://t.co/4pla5EXdNu",293
2021-02-13,9,und,0,31,"[San JosÃ©, Costa Rica]",0,0,0,35,2021-02-13T09:31:35.000-06:00,@BTS twt https://t.co/stI2GDkEjQ,318
2021-02-13,9,und,0,31,"[San JosÃ©, Costa Rica]",0,0,0,35,2021-02-13T09:31:35.000-06:00,@BTS twt https://t.co/stI2GDkEjQ,319
2021-02-13,9,und,0,31,"[San JosÃ©, Costa Rica]",0,0,0,35,2021-02-13T09:31:35.000-06:00,@BTS twt https://t.co/stI2GDkEjQ,320
2021-02-13,9,und,0,31,"[San JosÃ©, Costa Rica]",0,0,0,35,2021-02-13T09:31:35.000-06:00,@BTS twt https://t.co/stI2GDkEjQ,321
2021-02-13,9,und,0,48,"[ĞĞ¾Ğ³Ğ¸Ğ½ÑĞºĞ¸Ğ¹ Ñ€Ğ°Ğ¹Ğ¾Ğ½, Ğ Ğ¾ÑÑĞ¸Ñ]",0,0,0,7,2021-02-13T09:48:07.000-06:00,ğŸ˜ğŸ‘ğŸ»ğŸ‘ğŸ»@BTS_twt #ARMY https://t.co/z5dXHumdbM,344
2021-02-13,9,und,0,48,"[ĞĞ¾Ğ³Ğ¸Ğ½ÑĞºĞ¸Ğ¹ Ñ€Ğ°Ğ¹Ğ¾Ğ½, Ğ Ğ¾ÑÑĞ¸Ñ]",0,0,0,7,2021-02-13T09:48:07.000-06:00,ğŸ˜ğŸ‘ğŸ»ğŸ‘ğŸ»@BTS_twt #ARMY https://t.co/z5dXHumdbM,345
2021-02-13,9,und,0,48,"[ĞĞ¾Ğ³Ğ¸Ğ½ÑĞºĞ¸Ğ¹ Ñ€Ğ°Ğ¹Ğ¾Ğ½, Ğ Ğ¾ÑÑĞ¸Ñ]",0,0,0,7,2021-02-13T09:48:07.000-06:00,ğŸ˜ğŸ‘ğŸ»ğŸ‘ğŸ»@BTS_twt #ARMY https://t.co/z5dXHumdbM,346
2021-02-13,9,und,0,48,"[ĞĞ¾Ğ³Ğ¸Ğ½ÑĞºĞ¸Ğ¹ Ñ€Ğ°Ğ¹Ğ¾Ğ½, Ğ Ğ¾ÑÑĞ¸Ñ]",0,0,0,7,2021-02-13T09:48:07.000-06:00,ğŸ˜ğŸ‘ğŸ»ğŸ‘ğŸ»@BTS_twt #ARMY https://t.co/z5dXHumdbM,347
2021-02-13,9,und,0,48,"[ĞĞ¾Ğ³Ğ¸Ğ½ÑĞºĞ¸Ğ¹ Ñ€Ğ°Ğ¹Ğ¾Ğ½, Ğ Ğ¾ÑÑĞ¸Ñ]",0,0,0,7,2021-02-13T09:48:07.000-06:00,ğŸ˜ğŸ‘ğŸ»ğŸ‘ğŸ»@BTS_twt #ARMY https://t.co/z5dXHumdbM,348
2021-02-13,9,und,0,48,"[ĞĞ¾Ğ³Ğ¸Ğ½ÑĞºĞ¸Ğ¹ Ñ€Ğ°Ğ¹Ğ¾Ğ½, Ğ Ğ¾ÑÑĞ¸Ñ]",0,0,0,7,2021-02-13T09:48:07.000-06:00,ğŸ˜ğŸ‘ğŸ»ğŸ‘ğŸ»@BTS_twt #ARMY https://t.co/z5dXHumdbM,349
2021-02-13,9,und,0,48,"[ĞĞ¾Ğ³Ğ¸Ğ½ÑĞºĞ¸Ğ¹ Ñ€Ğ°Ğ¹Ğ¾Ğ½, Ğ Ğ¾ÑÑĞ¸Ñ]",0,0,0,7,2021-02-13T09:48:07.000-06:00,ğŸ˜ğŸ‘ğŸ»ğŸ‘ğŸ»@BTS_twt #ARMY https://t.co/z5dXHumdbM,350
2021-02-13,9,en,0,48,"[Cilandak, Indonesia]",0,0,0,21,2021-02-13T09:48:21.000-06:00,Wow @aliciakeys made Life Goes On soulful ğŸ’œğŸ’œğŸ’œğŸ’œğŸ’œ tag @bts_bighit @BTS_twt @BTSW_official @BTS_ARMY @BTS_jp_official @bts #BTS_twt #LifeGoesOn #BTS_BE #RM #BTSwithARMY #JIMIN https://t.co/st7eAW41Kx,351
2021-02-13,9,en,0,48,"[Cilandak, Indonesia]",0,0,0,21,2021-02-13T09:48:21.000-06:00,Wow @aliciakeys made Life Goes On soulful ğŸ’œğŸ’œğŸ’œğŸ’œğŸ’œ tag @bts_bighit @BTS_twt @BTSW_official @BTS_ARMY @BTS_jp_official @bts #BTS_twt #LifeGoesOn #BTS_BE #RM #BTSwithARMY #JIMIN https://t.co/st7eAW41Kx,352
2021-02-13,9,en,0,48,"[Cilandak, Indonesia]",0,0,0,21,2021-02-13T09:48:21.000-06:00,Wow @aliciakeys made Life Goes On soulful ğŸ’œğŸ’œğŸ’œğŸ’œğŸ’œ tag @bts_bighit @BTS_twt @BTSW_official @BTS_ARMY @BTS_jp_official @bts #BTS_twt #LifeGoesOn #BTS_BE #RM #BTSwithARMY #JIMIN https://t.co/st7eAW41Kx,353
2021-02-13,9,en,0,48,"[Cilandak, Indonesia]",0,0,0,21,2021-02-13T09:48:21.000-06:00,Wow @aliciakeys made Life Goes On soulful ğŸ’œğŸ’œğŸ’œğŸ’œğŸ’œ tag @bts_bighit @BTS_twt @BTSW_official @BTS_ARMY @BTS_jp_official @bts #BTS_twt #LifeGoesOn #BTS_BE #RM #BTSwithARMY #JIMIN https://t.co/st7eAW41Kx,354
2021-02-13,9,en,0,48,"[Cilandak, Indonesia]",0,0,0,21,2021-02-13T09:48:21.000-06:00,Wow @aliciakeys made Life Goes On soulful ğŸ’œğŸ’œğŸ’œğŸ’œğŸ’œ tag @bts_bighit @BTS_twt @BTSW_official @BTS_ARMY @BTS_jp_official @bts #BTS_twt #LifeGoesOn #BTS_BE #RM #BTSwithARMY #JIMIN https://t.co/st7eAW41Kx,355
2021-02-13,9,en,0,48,"[Cilandak, Indonesia]",0,0,0,21,2021-02-13T09:48:21.000-06:00,Wow @aliciakeys made Life Goes On soulful ğŸ’œğŸ’œğŸ’œğŸ’œğŸ’œ tag @bts_bighit @BTS_twt @BTSW_official @BTS_ARMY @BTS_jp_official @bts #BTS_twt #LifeGoesOn #BTS_BE #RM #BTSwithARMY #JIMIN https://t.co/st7eAW41Kx,356
2021-02-13,9,en,0,48,"[Cilandak, Indonesia]",0,0,0,21,2021-02-13T09:48:21.000-06:00,Wow @aliciakeys made Life Goes On soulful ğŸ’œğŸ’œğŸ’œğŸ’œğŸ’œ tag @bts_bighit @BTS_twt @BTSW_official @BTS_ARMY @BTS_jp_official @bts #BTS_twt #LifeGoesOn #BTS_BE #RM #BTSwithARMY #JIMIN https://t.co/st7eAW41Kx,357
2021-02-13,9,und,0,48,"[Kalideres, Indonesia]",0,0,0,26,2021-02-13T09:48:26.000-06:00,#GAWITHLILTANNIE #JHOPEBIRTHDAYPROJECT #URISUNSHINEHOBI #ë°©íƒ„ì†Œë…„ë‹¨ #BTS @BTS_twt ğŸ™†ğŸ»â€â™€ï¸ https://t.co/UOGd6xiijo,358
2021-02-13,9,und,0,48,"[Kalideres, Indonesia]",0,0,0,26,2021-02-13T09:48:26.000-06:00,#GAWITHLILTANNIE #JHOPEBIRTHDAYPROJECT #URISUNSHINEHOBI #ë°©íƒ„ì†Œë…„ë‹¨ #BTS @BTS_twt ğŸ™†ğŸ»â€â™€ï¸ https://t.co/UOGd6xiijo,359
2021-02-13,9,und,0,48,"[Kalideres, Indonesia]",0,0,0,26,2021-02-13T09:48:26.000-06:00,#GAWITHLILTANNIE #JHOPEBIRTHDAYPROJECT #URISUNSHINEHOBI #ë°©íƒ„ì†Œë…„ë‹¨ #BTS @BTS_twt ğŸ™†ğŸ»â€â™€ï¸ https://t.co/UOGd6xiijo,360
2021-02-13,9,und,0,48,"[Kalideres, Indonesia]",0,0,0,26,2021-02-13T09:48:26.000-06:00,#GAWITHLILTANNIE #JHOPEBIRTHDAYPROJECT #URISUNSHINEHOBI #ë°©íƒ„ì†Œë…„ë‹¨ #BTS @BTS_twt ğŸ™†ğŸ»â€â™€ï¸ https://t.co/UOGd6xiijo,361
2021-02-13,9,und,0,48,"[Kalideres, Indonesia]",0,0,0,26,2021-02-13T09:48:26.000-06:00,#GAWITHLILTANNIE #JHOPEBIRTHDAYPROJECT #URISUNSHINEHOBI #ë°©íƒ„ì†Œë…„ë‹¨ #BTS @BTS_twt ğŸ™†ğŸ»â€â™€ï¸ https://t.co/UOGd6xiijo,362
2021-02-13,9,und,0,48,"[Kalideres, Indonesia]",0,0,0,26,2021-02-13T09:48:26.000-06:00,#GAWITHLILTANNIE #JHOPEBIRTHDAYPROJECT #URISUNSHINEHOBI #ë°©íƒ„ì†Œë…„ë‹¨ #BTS @BTS_twt ğŸ™†ğŸ»â€â™€ï¸ https://t.co/UOGd6xiijo,363
2021-02-13,9,es,0,49,"[Montevideo, Uruguay]",0,0,0,25,2021-02-13T09:49:25.000-06:00,"Mi jiminieprecioso de mi vida te amo mi bebÃ© ğŸ’œğŸŒ¸ğŸŒ¹ğŸ’œ

#BTS #ë°©íƒ„ì†Œë…„ë‹¨ #BTS_BE Curated for ARMY by ì§€ë¯¼ (Jimin)
@BTS_twt

ğŸ–¼ğŸ§ https://t.co/RpbeZorZ4b

#Curated_for_ARMY #Jimin #ì§€ë¯¼ https://t.co/GDiCXleYWp",364
2021-02-13,9,es,0,49,"[Montevideo, Uruguay]",0,0,0,25,2021-02-13T09:49:25.000-06:00,"Mi jiminieprecioso de mi vida te amo mi bebÃ© ğŸ’œğŸŒ¸ğŸŒ¹ğŸ’œ

#BTS #ë°©íƒ„ì†Œë…„ë‹¨ #BTS_BE Curated for ARMY by ì§€ë¯¼ (Jimin)
@BTS_twt

ğŸ–¼ğŸ§ https://t.co/RpbeZorZ4b

#Curated_for_ARMY #Jimin #ì§€ë¯¼ https://t.co/GDiCXleYWp",365
2021-02-13,9,es,0,49,"[Montevideo, Uruguay]",0,0,0,25,2021-02-13T09:49:25.000-06:00,"Mi jiminieprecioso de mi vida te amo mi bebÃ© ğŸ’œğŸŒ¸ğŸŒ¹ğŸ’œ

#BTS #ë°©íƒ„ì†Œë…„ë‹¨ #BTS_BE Curated for ARMY by ì§€ë¯¼ (Jimin)
@BTS_twt

ğŸ–¼ğŸ§ https://t.co/RpbeZorZ4b

#Curated_for_ARMY #Jimin #ì§€ë¯¼ https://t.co/GDiCXleYWp",366
2021-02-13,9,es,0,49,"[Montevideo, Uruguay]",0,0,0,25,2021-02-13T09:49:25.000-06:00,"Mi jiminieprecioso de mi vida te amo mi bebÃ© ğŸ’œğŸŒ¸ğŸŒ¹ğŸ’œ

#BTS #ë°©íƒ„ì†Œë…„ë‹¨ #BTS_BE Curated for ARMY by ì§€ë¯¼ (Jimin)
@BTS_twt

ğŸ–¼ğŸ§ https://t.co/RpbeZorZ4b

#Curated_for_ARMY #Jimin #ì§€ë¯¼ https://t.co/GDiCXleYWp",367
2021-02-13,9,es,0,49,"[Montevideo, Uruguay]",0,0,0,25,2021-02-13T09:49:25.000-06:00,"Mi jiminieprecioso de mi vida te amo mi bebÃ© ğŸ’œğŸŒ¸ğŸŒ¹ğŸ’œ

#BTS #ë°©íƒ„ì†Œë…„ë‹¨ #BTS_BE Curated for ARMY by ì§€ë¯¼ (Jimin)
@BTS_twt

ğŸ–¼ğŸ§ https://t.co/RpbeZorZ4b

#Curated_for_ARMY #Jimin #ì§€ë¯¼ https://t.co/GDiCXleYWp",368
2021-02-13,9,es,0,49,"[Montevideo, Uruguay]",0,0,0,25,2021-02-13T09:49:25.000-06:00,"Mi jiminieprecioso de mi vida te amo mi bebÃ© ğŸ’œğŸŒ¸ğŸŒ¹ğŸ’œ

#BTS #ë°©íƒ„ì†Œë…„ë‹¨ #BTS_BE Curated for ARMY by ì§€ë¯¼ (Jimin)
@BTS_twt

ğŸ–¼ğŸ§ https://t.co/RpbeZorZ4b

#Curated_for_ARMY #Jimin #ì§€ë¯¼ https://t.co/GDiCXleYWp",369
2021-02-13,9,in,0,50,"[Kalideres, Indonesia]",0,0,0,31,2021-02-13T09:50:31.000-06:00,"saengil chukkae! ğŸ’œternyata kita beda sehariii , doanya yang terbaik aja dalam segala hal ğŸ™†ğŸ»â€â™€ï¸  #GAWITHLILTANNIE #JHOPEBIRTHDAYPROJECT #URISUNSHINEHOBI #ë°©íƒ„ì†Œë…„ë‹¨ #BTS @BTS_twt https://t.co/dOijTcS91w",370
2021-02-13,9,in,0,50,"[Kalideres, Indonesia]",0,0,0,31,2021-02-13T09:50:31.000-06:00,"saengil chukkae! ğŸ’œternyata kita beda sehariii , doanya yang terbaik aja dalam segala hal ğŸ™†ğŸ»â€â™€ï¸  #GAWITHLILTANNIE #JHOPEBIRTHDAYPROJECT #URISUNSHINEHOBI #ë°©íƒ„ì†Œë…„ë‹¨ #BTS @BTS_twt https://t.co/dOijTcS91w",371
2021-02-13,9,in,0,50,"[Kalideres, Indonesia]",0,0,0,31,2021-02-13T09:50:31.000-06:00,"saengil chukkae! ğŸ’œternyata kita beda sehariii , doanya yang terbaik aja dalam segala hal ğŸ™†ğŸ»â€â™€ï¸  #GAWITHLILTANNIE #JHOPEBIRTHDAYPROJECT #URISUNSHINEHOBI #ë°©íƒ„ì†Œë…„ë‹¨ #BTS @BTS_twt https://t.co/dOijTcS91w",372
2021-02-13,9,in,0,50,"[Kalideres, Indonesia]",0,0,0,31,2021-02-13T09:50:31.000-06:00,"saengil chukkae! ğŸ’œternyata kita beda sehariii , doanya yang terbaik aja dalam segala hal ğŸ™†ğŸ»â€â™€ï¸  #GAWITHLILTANNIE #JHOPEBIRTHDAYPROJECT #URISUNSHINEHOBI #ë°©íƒ„ì†Œë…„ë‹¨ #BTS @BTS_twt https://t.co/dOijTcS91w",373
2021-02-13,9,in,0,50,"[Kalideres, Indonesia]",0,0,0,31,2021-02-13T09:50:31.000-06:00,"saengil chukkae! ğŸ’œternyata kita beda sehariii , doanya yang terbaik aja dalam segala hal ğŸ™†ğŸ»â€â™€ï¸  #GAWITHLILTANNIE #JHOPEBIRTHDAYPROJECT #URISUNSHINEHOBI #ë°©íƒ„ì†Œë…„ë‹¨ #BTS @BTS_twt https://t.co/dOijTcS91w",374
2021-02-13,9,in,0,50,"[Kalideres, Indonesia]",0,0,0,31,2021-02-13T09:50:31.000-06:00,"saengil chukkae! ğŸ’œternyata kita beda sehariii , doanya yang terbaik aja dalam segala hal ğŸ™†ğŸ»â€â™€ï¸  #GAWITHLILTANNIE #JHOPEBIRTHDAYPROJECT #URISUNSHINEHOBI #ë°©íƒ„ì†Œë…„ë‹¨ #BTS @BTS_twt https://t.co/dOijTcS91w",375
2021-02-13,10,en,0,0,"[Vicenza, Veneto]",0,0,0,46,2021-02-13T10:00:46.000-06:00,@bts_bighit #Curated_for_ARMY #JIMIN #BTS loveee you thank youğŸ’œğŸ’œğŸ’œğŸ’œğŸ’œğŸ’œğŸ’œğŸ’œğŸ’œğŸ’œğŸ’œ,388
2021-02-13,10,en,0,0,"[Vicenza, Veneto]",0,0,0,46,2021-02-13T10:00:46.000-06:00,@bts_bighit #Curated_for_ARMY #JIMIN #BTS loveee you thank youğŸ’œğŸ’œğŸ’œğŸ’œğŸ’œğŸ’œğŸ’œğŸ’œğŸ’œğŸ’œğŸ’œ,390
2021-02-13,10,en,0,0,"[Vicenza, Veneto]",0,0,0,46,2021-02-13T10:00:46.000-06:00,@bts_bighit #Curated_for_ARMY #JIMIN #BTS loveee you thank youğŸ’œğŸ’œğŸ’œğŸ’œğŸ’œğŸ’œğŸ’œğŸ’œğŸ’œğŸ’œğŸ’œ,392
2021-02-13,10,en,0,0,"[Vicenza, Veneto]",0,0,0,46,2021-02-13T10:00:46.000-06:00,@bts_bighit #Curated_for_ARMY #JIMIN #BTS loveee you thank youğŸ’œğŸ’œğŸ’œğŸ’œğŸ’œğŸ’œğŸ’œğŸ’œğŸ’œğŸ’œğŸ’œ,394
2021-02-13,10,en,0,0,"[Vicenza, Veneto]",0,0,0,46,2021-02-13T10:00:46.000-06:00,@bts_bighit #Curated_for_ARMY #JIMIN #BTS loveee you thank youğŸ’œğŸ’œğŸ’œğŸ’œğŸ’œğŸ’œğŸ’œğŸ’œğŸ’œğŸ’œğŸ’œ,396
2021-02-13,10,en,0,0,"[Vicenza, Veneto]",0,0,0,46,2021-02-13T10:00:46.000-06:00,@bts_bighit #Curated_for_ARMY #JIMIN #BTS loveee you thank youğŸ’œğŸ’œğŸ’œğŸ’œğŸ’œğŸ’œğŸ’œğŸ’œğŸ’œğŸ’œğŸ’œ,398
2021-02-13,10,en,0,17,[India],0,0,0,30,2021-02-13T10:17:30.000-06:00,"Take and go BTS album batch ğŸ’œ
So blessed to jump from 4 orders to 30 albums all together.
#BTS #btsmerch #kpopsupplier  #kpopshop #btsalbums https://t.co/oo8nQ7Je1m",412
2021-02-13,10,en,0,17,[India],0,0,0,30,2021-02-13T10:17:30.000-06:00,"Take and go BTS album batch ğŸ’œ
So blessed to jump from 4 orders to 30 albums all together.
#BTS #btsmerch #kpopsupplier  #kpopshop #btsalbums https://t.co/oo8nQ7Je1m",413
2021-02-13,10,en,0,17,[India],0,0,0,30,2021-02-13T10:17:30.000-06:00,"Take and go BTS album batch ğŸ’œ
So blessed to jump from 4 orders to 30 albums all together.
#BTS #btsmerch #kpopsupplier  #kpopshop #btsalbums https://t.co/oo8nQ7Je1m",414
2021-02-13,10,en,0,17,[India],0,0,0,30,2021-02-13T10:17:30.000-06:00,"Take and go BTS album batch ğŸ’œ
So blessed to jump from 4 orders to 30 albums all together.
#BTS #btsmerch #kpopsupplier  #kpopshop #btsalbums https://t.co/oo8nQ7Je1m",415
2021-02-13,10,en,0,17,[India],0,0,0,30,2021-02-13T10:17:30.000-06:00,"Take and go BTS album batch ğŸ’œ
So blessed to jump from 4 orders to 30 albums all together.
#BTS #btsmerch #kpopsupplier  #kpopshop #btsalbums https://t.co/oo8nQ7Je1m",416
2021-02-13,10,en,0,17,[India],0,0,0,30,2021-02-13T10:17:30.000-06:00,"Take and go BTS album batch ğŸ’œ
So blessed to jump from 4 orders to 30 albums all together.
#BTS #btsmerch #kpopsupplier  #kpopshop #btsalbums https://t.co/oo8nQ7Je1m",417
2021-02-13,10,de,0,19,"[Potsdam, Germany]",0,0,0,29,2021-02-13T10:19:29.000-06:00,#nowplaying #BTS ~ BTS | Dynamite ||| BB RADIO - In #Eberswalde #Brandenburg #GER auf 95.4,430
2021-02-13,10,de,0,19,"[Potsdam, Germany]",0,0,0,29,2021-02-13T10:19:29.000-06:00,#nowplaying #BTS ~ BTS | Dynamite ||| BB RADIO - In #Eberswalde #Brandenburg #GER auf 95.4,431
2021-02-13,10,de,0,19,"[Potsdam, Germany]",0,0,0,29,2021-02-13T10:19:29.000-06:00,#nowplaying #BTS ~ BTS | Dynamite ||| BB RADIO - In #Eberswalde #Brandenburg #GER auf 95.4,432
2021-02-13,10,de,0,19,"[Potsdam, Germany]",0,0,0,29,2021-02-13T10:19:29.000-06:00,#nowplaying #BTS ~ BTS | Dynamite ||| BB RADIO - In #Eberswalde #Brandenburg #GER auf 95.4,433
2021-02-13,10,de,0,19,"[Potsdam, Germany]",0,0,0,29,2021-02-13T10:19:29.000-06:00,#nowplaying #BTS ~ BTS | Dynamite ||| BB RADIO - In #Eberswalde #Brandenburg #GER auf 95.4,434
2021-02-13,10,de,0,19,"[Potsdam, Germany]",0,0,0,29,2021-02-13T10:19:29.000-06:00,#nowplaying #BTS ~ BTS | Dynamite ||| BB RADIO - In #Eberswalde #Brandenburg #GER auf 95.4,435
2021-02-13,10,und,0,20,"[Mumbai, India]",0,0,0,2,2021-02-13T10:20:02.000-06:00,#BTS https://t.co/7KzUFu3NoX,436
2021-02-13,10,und,0,20,"[Mumbai, India]",0,0,0,2,2021-02-13T10:20:02.000-06:00,#BTS https://t.co/7KzUFu3NoX,437
2021-02-13,10,und,0,20,"[Mumbai, India]",0,0,0,2,2021-02-13T10:20:02.000-06:00,#BTS https://t.co/7KzUFu3NoX,438
2021-02-13,10,und,0,20,"[Mumbai, India]",0,0,0,2,2021-02-13T10:20:02.000-06:00,#BTS https://t.co/7KzUFu3NoX,439
2021-02-13,10,und,0,20,"[Mumbai, India]",0,0,0,2,2021-02-13T10:20:02.000-06:00,#BTS https://t.co/7KzUFu3NoX,440
2021-02-13,10,und,0,20,"[Mumbai, India]",0,0,0,2,2021-02-13T10:20:02.000-06:00,#BTS https://t.co/7KzUFu3NoX,441
2021-02-13,10,en,0,23,"[Travelers Rest, SC]",0,0,0,36,2021-02-13T10:23:36.000-06:00,This week was a hard one. Teaching in person during a pandemic is no joke. Thank god I have BTS and Kdramas for my mental health.  Are any Army teachers struggling too?ğŸ’œğŸ˜… #BTS https://t.co/2deUXz1aqW,442
2021-02-13,10,en,0,23,"[Travelers Rest, SC]",0,0,0,36,2021-02-13T10:23:36.000-06:00,This week was a hard one. Teaching in person during a pandemic is no joke. Thank god I have BTS and Kdramas for my mental health.  Are any Army teachers struggling too?ğŸ’œğŸ˜… #BTS https://t.co/2deUXz1aqW,443
2021-02-13,10,en,0,23,"[Travelers Rest, SC]",0,0,0,36,2021-02-13T10:23:36.000-06:00,This week was a hard one. Teaching in person during a pandemic is no joke. Thank god I have BTS and Kdramas for my mental health.  Are any Army teachers struggling too?ğŸ’œğŸ˜… #BTS https://t.co/2deUXz1aqW,444
2021-02-13,10,en,0,23,"[Travelers Rest, SC]",0,0,0,36,2021-02-13T10:23:36.000-06:00,This week was a hard one. Teaching in person during a pandemic is no joke. Thank god I have BTS and Kdramas for my mental health.  Are any Army teachers struggling too?ğŸ’œğŸ˜… #BTS https://t.co/2deUXz1aqW,445
2021-02-13,10,en,0,23,"[Travelers Rest, SC]",0,0,0,36,2021-02-13T10:23:36.000-06:00,This week was a hard one. Teaching in person during a pandemic is no joke. Thank god I have BTS and Kdramas for my mental health.  Are any Army teachers struggling too?ğŸ’œğŸ˜… #BTS https://t.co/2deUXz1aqW,446
2021-02-13,10,en,0,23,"[Travelers Rest, SC]",0,0,0,36,2021-02-13T10:23:36.000-06:00,This week was a hard one. Teaching in person during a pandemic is no joke. Thank god I have BTS and Kdramas for my mental health.  Are any Army teachers struggling too?ğŸ’œğŸ˜… #BTS https://t.co/2deUXz1aqW,447
2021-02-13,10,ko,0,46,"[Pyeongtaek-si, Republic of Korea]",0,0,0,15,2021-02-13T10:46:15.000-06:00,"ìœ„ë¡œë°›ê³  ì‹¶ì„ ë•Œ ë“¤ì–´ë³´ì„¸ìš” ì˜íƒ ì´ë¶ˆ
#ì˜íƒ #youngtak #ì˜íƒì´ë¶ˆ #ì˜íƒì‹ ê³¡ #ë®¤ì§ë¹„ë””ì˜¤ #ì˜íƒì˜ë¶ˆì‘¥tv #ë…¸ë˜ì¶”ì²œ #ì¢‹ì•„ìš” #daily #mood #kpop #music #comforter #valentine 
#ë°œë Œíƒ€ì¸ë°ì´ https://t.co/mA4jFzoO8x",460
2021-02-13,10,ko,0,46,"[Pyeongtaek-si, Republic of Korea]",0,0,0,15,2021-02-13T10:46:15.000-06:00,"ìœ„ë¡œë°›ê³  ì‹¶ì„ ë•Œ ë“¤ì–´ë³´ì„¸ìš” ì˜íƒ ì´ë¶ˆ
#ì˜íƒ #youngtak #ì˜íƒì´ë¶ˆ #ì˜íƒì‹ ê³¡ #ë®¤ì§ë¹„ë””ì˜¤ #ì˜íƒì˜ë¶ˆì‘¥tv #ë…¸ë˜ì¶”ì²œ #ì¢‹ì•„ìš” #daily #mood #kpop #music #comforter #valentine 
#ë°œë Œíƒ€ì¸ë°ì´ https://t.co/mA4jFzoO8x",461
2021-02-13,10,ko,0,46,"[Pyeongtaek-si, Republic of Korea]",0,0,0,15,2021-02-13T10:46:15.000-06:00,"ìœ„ë¡œë°›ê³  ì‹¶ì„ ë•Œ ë“¤ì–´ë³´ì„¸ìš” ì˜íƒ ì´ë¶ˆ
#ì˜íƒ #youngtak #ì˜íƒì´ë¶ˆ #ì˜íƒì‹ ê³¡ #ë®¤ì§ë¹„ë””ì˜¤ #ì˜íƒì˜ë¶ˆì‘¥tv #ë…¸ë˜ì¶”ì²œ #ì¢‹ì•„ìš” #daily #mood #kpop #music #comforter #valentine 
#ë°œë Œíƒ€ì¸ë°ì´ https://t.co/mA4jFzoO8x",462
2021-02-13,10,ko,0,46,"[Pyeongtaek-si, Republic of Korea]",0,0,0,15,2021-02-13T10:46:15.000-06:00,"ìœ„ë¡œë°›ê³  ì‹¶ì„ ë•Œ ë“¤ì–´ë³´ì„¸ìš” ì˜íƒ ì´ë¶ˆ
#ì˜íƒ #youngtak #ì˜íƒì´ë¶ˆ #ì˜íƒì‹ ê³¡ #ë®¤ì§ë¹„ë””ì˜¤ #ì˜íƒì˜ë¶ˆì‘¥tv #ë…¸ë˜ì¶”ì²œ #ì¢‹ì•„ìš” #daily #mood #kpop #music #comforter #valentine 
#ë°œë Œíƒ€ì¸ë°ì´ https://t.co/mA4jFzoO8x",463
2021-02-13,10,ko,0,46,"[Pyeongtaek-si, Republic of Korea]",0,0,0,15,2021-02-13T10:46:15.000-06:00,"ìœ„ë¡œë°›ê³  ì‹¶ì„ ë•Œ ë“¤ì–´ë³´ì„¸ìš” ì˜íƒ ì´ë¶ˆ
#ì˜íƒ #youngtak #ì˜íƒì´ë¶ˆ #ì˜íƒì‹ ê³¡ #ë®¤ì§ë¹„ë””ì˜¤ #ì˜íƒì˜ë¶ˆì‘¥tv #ë…¸ë˜ì¶”ì²œ #ì¢‹ì•„ìš” #daily #mood #kpop #music #comforter #valentine 
#ë°œë Œíƒ€ì¸ë°ì´ https://t.co/mA4jFzoO8x",464
2021-02-13,10,ko,0,46,"[Pyeongtaek-si, Republic of Korea]",0,0,0,15,2021-02-13T10:46:15.000-06:00,"ìœ„ë¡œë°›ê³  ì‹¶ì„ ë•Œ ë“¤ì–´ë³´ì„¸ìš” ì˜íƒ ì´ë¶ˆ
#ì˜íƒ #youngtak #ì˜íƒì´ë¶ˆ #ì˜íƒì‹ ê³¡ #ë®¤ì§ë¹„ë””ì˜¤ #ì˜íƒì˜ë¶ˆì‘¥tv #ë…¸ë˜ì¶”ì²œ #ì¢‹ì•„ìš” #daily #mood #kpop #music #comforter #valentine 
#ë°œë Œíƒ€ì¸ë°ì´ https://t.co/mA4jFzoO8x",465
2021-02-13,10,und,0,49,"[Hua Mak, Thailand]",0,0,0,54,2021-02-13T10:49:54.000-06:00,"#JIN #ê¹€ì„ì§„ #ì§„ #BTS #ë°©íƒ„ì†Œë…„ë‹¨ì§„
 #ë°©íƒ„ì†Œë…„ë‹¨ #é‡‘ç¢©ç #BTSJIN  #é˜²å½ˆå°‘å¹´åœ˜ #KimSeokjin https://t.co/tpzS2uJozn",466
2021-02-13,10,und,0,49,"[Hua Mak, Thailand]",0,0,0,54,2021-02-13T10:49:54.000-06:00,"#JIN #ê¹€ì„ì§„ #ì§„ #BTS #ë°©íƒ„ì†Œë…„ë‹¨ì§„
 #ë°©íƒ„ì†Œë…„ë‹¨ #é‡‘ç¢©ç #BTSJIN  #é˜²å½ˆå°‘å¹´åœ˜ #KimSeokjin https://t.co/tpzS2uJozn",467
2021-02-13,10,und,0,49,"[Hua Mak, Thailand]",0,0,0,54,2021-02-13T10:49:54.000-06:00,"#JIN #ê¹€ì„ì§„ #ì§„ #BTS #ë°©íƒ„ì†Œë…„ë‹¨ì§„
 #ë°©íƒ„ì†Œë…„ë‹¨ #é‡‘ç¢©ç #BTSJIN  #é˜²å½ˆå°‘å¹´åœ˜ #KimSeokjin https://t.co/tpzS2uJozn",468
2021-02-13,10,und,0,49,"[Hua Mak, Thailand]",0,0,0,54,2021-02-13T10:49:54.000-06:00,"#JIN #ê¹€ì„ì§„ #ì§„ #BTS #ë°©íƒ„ì†Œë…„ë‹¨ì§„
 #ë°©íƒ„ì†Œë…„ë‹¨ #é‡‘ç¢©ç #BTSJIN  #é˜²å½ˆå°‘å¹´åœ˜ #KimSeokjin https://t.co/tpzS2uJozn",469
2021-02-13,10,und,0,49,"[Hua Mak, Thailand]",0,0,0,54,2021-02-13T10:49:54.000-06:00,"#JIN #ê¹€ì„ì§„ #ì§„ #BTS #ë°©íƒ„ì†Œë…„ë‹¨ì§„
 #ë°©íƒ„ì†Œë…„ë‹¨ #é‡‘ç¢©ç #BTSJIN  #é˜²å½ˆå°‘å¹´åœ˜ #KimSeokjin https://t.co/tpzS2uJozn",470
2021-02-13,10,und,0,49,"[Hua Mak, Thailand]",0,0,0,54,2021-02-13T10:49:54.000-06:00,"#JIN #ê¹€ì„ì§„ #ì§„ #BTS #ë°©íƒ„ì†Œë…„ë‹¨ì§„
 #ë°©íƒ„ì†Œë…„ë‹¨ #é‡‘ç¢©ç #BTSJIN  #é˜²å½ˆå°‘å¹´åœ˜ #KimSeokjin https://t.co/tpzS2uJozn",471
2021-02-13,11,ru,0,57,[Ukraine],0,0,0,16,2021-02-13T11:57:16.000-06:00,"Ğ¯ Ñ‚Ğ¾Ğ½Ñƒ Ğ² Ñ‚ĞµĞ±Ğµ... Ğ±ĞµĞ· Ğ¶ĞµĞ»Ğ°Ğ½Ğ¸Ñ - Ğ²Ñ‹Ğ±Ñ€Ğ°Ñ‚ÑŒÑÑ...
#JIMIN #BTS @BTS_twt https://t.co/XwEVksc224",490
2021-02-13,11,ru,0,57,[Ukraine],0,0,0,16,2021-02-13T11:57:16.000-06:00,"Ğ¯ Ñ‚Ğ¾Ğ½Ñƒ Ğ² Ñ‚ĞµĞ±Ğµ... Ğ±ĞµĞ· Ğ¶ĞµĞ»Ğ°Ğ½Ğ¸Ñ - Ğ²Ñ‹Ğ±Ñ€Ğ°Ñ‚ÑŒÑÑ...
#JIMIN #BTS @BTS_twt https://t.co/XwEVksc224",491
