2021-02-12,6,en,0,9,[Uzbekistan],0,0,0,39,2021-02-12T06:09:39.000-06:00,"You are my reason to smileğŸŒŒğŸ’œ
#JHOPEPlazaClaroColombia #BTS @BTS_twt #JHOPE https://t.co/zeeOO6zYyT",1
2021-02-12,6,ko,0,11,"[Pyeongtaek-si, Republic of Korea]",0,0,0,48,2021-02-12T06:11:48.000-06:00,"ìœ„ë¡œë°›ê³  ì‹¶ì„ ë•Œ ë“¤ì–´ë³´ì„¸ìš” ì˜íƒì´ë¶ˆ

#ì˜íƒ #youngtak #ì˜íƒì´ë¶ˆ #ì˜íƒì‹ ê³¡ #vlive

#ì˜íƒì˜ë¶ˆì‘¥tv #ë…¸ë˜ì¶”ì²œ #ì¢‹ì•„ìš” #daily #mood #kpop #music #comforter #valentine 

#ë°œë Œíƒ€ì¸ë°ì´ https://t.co/9pJR06oz2D",2
2021-02-12,6,en,0,12,[Uzbekistan],0,0,0,44,2021-02-12T06:12:44.000-06:00,"When the night is dark, all I can see is your smilesğŸŒŒğŸ’œ
#BTS @BTS_twt #BTS_twt #ë°©íƒ„ì†Œë…„ë‹¨ #4YearsWithSpringDay https://t.co/cQVeHi1iH9",3
2021-02-12,6,ja,0,20,"[Sapporo-shi Toyohira-ku, HokkaidÅ]",0,0,0,33,2021-02-12T06:20:33.000-06:00,ãƒ‘ã‚»ã‚ªæœ­å¹Œã§BTSã®POPUP SHOPã‚„ã£ã¦ã‚“ã ã‘ã©ã€ã€ä»Šã¯æ··ã‚“ã§ãªãã¦ã€ã‚†ã£ãã‚Šåº—å†…ã®ã‚°ãƒƒã‚ºè¦‹ã‚Œã¾ã—ãŸâ˜ºï¸âœ¨ã€€ãƒ†ãƒ†ã®ã¬ã„ãã‚‹ã¿ã¨ãƒã‚¹ãƒ†ã¨ã‚­ãƒ¼ãƒ›ãƒ«ãƒ€ãƒ¼ï¼ˆãƒ†ãƒ†ã¨ã‚¸ãƒŸãƒ³ã¡ã‚ƒã‚“ï¼‰ã’ã£ã¨ã—ãŸãŠâ­ï¸â¤ï¸ ã‚ã£ã¡ã‚ƒã‹ã‚ã„ã„ğŸ˜ã€€#BTS  #TinyTAN #ãƒ†ãƒ†ã€€#ãƒ†ãƒ’ãƒ§ãƒ³ã€€#ã‚¸ãƒŸãƒ³ã¡ã‚ƒã‚“ https://t.co/m73yBA7UFz,4
2021-02-12,6,en,0,32,[Kazakhstan],0,0,0,30,2021-02-12T06:32:30.000-06:00,"Hi Engenes!ğŸ¤—
Please watch my #ENHYPEN - #10Months DANCE COVER ğŸ¶ğŸ‘‡
W / Antony SongğŸ™ˆ
.
#NI_KI #JUNGWON #SUNOO #SUNGHOON #JAY #JAKE #HEESEUNG #Dance #kpop #BTS #BigHit https://t.co/cqR78FE0jw",5
2021-02-12,6,th,0,32,[Brick Live CafÃ© by BTS],0,0,0,48,2021-02-12T06:32:48.000-06:00,à¸§à¸±à¸™à¸ªà¸¸à¸”à¸—à¹‰à¸²à¸¢à¹„à¸¡à¹ˆà¸—à¹‰à¸²à¸¢à¸ªà¸¸à¸” ğŸ¤§ğŸ¤ğŸ» #BTS #ë°©íƒ„ì†Œë…„ë‹¨ ğŸŒˆğŸ­ https://t.co/pEkDQ9VmnY,6
2021-02-12,6,ko,0,38,"[Changwon-si, Republic of Korea]",0,0,0,21,2021-02-12T06:38:21.000-06:00,"ìœ„ë¡œë°›ê³  ì‹¶ì„ ë•Œ ë“¤ì–´ë³´ì„¸ìš” ì˜íƒ ì´ë¶ˆ
#ì˜íƒ #youngtak #ì˜íƒì´ë¶ˆ #ì˜íƒì‹ ê³¡ #vlive #ì˜íƒì˜ë¶ˆì‘¥tv #ë…¸ë˜ì¶”ì²œ #ì¢‹ì•„ìš” #daily #mood #kpop #music #comforter #valentine #ë°œë Œíƒ€ì¸ë°ì´ https://t.co/1gRh3SIbSI",8
2021-02-12,6,en,0,40,"[Dacca, Bangladesh]",0,0,0,9,2021-02-12T06:40:09.000-06:00,"Our volunteers are at work for the 'Project Hope World : Bringing Comfort for Children' ğŸ’œ

#BTS #BDARMY #BangladeshiARMY @BTS_twt https://t.co/jpQwlsNwUM",10
2021-02-12,6,ko,0,41,"[Changwon-si, Republic of Korea]",0,0,0,27,2021-02-12T06:41:27.000-06:00,"ìœ„ë¡œë°›ê³  ì‹¶ì„ ë•Œ ë“¤ì–´ë³´ì„¸ìš” ì˜íƒ ì´ë¶ˆ
#ì˜íƒ #youngtak #ì˜íƒì´ë¶ˆ #ì˜íƒì‹ ê³¡ #vlive #ì˜íƒì˜ë¶ˆì‘¥tv #ë…¸ë˜ì¶”ì²œ #ì¢‹ì•„ìš” #daily #mood #kpop #music #comforter #valentine #ë°œë Œíƒ€ì¸ë°ì´ https://t.co/Jdz4F1eoqY",11
2021-02-12,6,en,0,42,[Kazakhstan],0,0,0,29,2021-02-12T06:42:29.000-06:00,"Hi Engenes!ğŸ¤—
Please watch my #ENHYPEN - #10Months DANCE COVER ğŸ¶ğŸ‘‡
W / Antony SongğŸ™ˆ
.
#NI_KI #JUNGWON #SUNOO #SUNGHOON #JAY #JAKE #HEESEUNG #Dance #kpop #BTS #BigHit https://t.co/i1tmVuTo3s",12
2021-02-12,6,ko,0,48,"[Changwon-si, Republic of Korea]",0,0,0,50,2021-02-12T06:48:50.000-06:00,"ìœ„ë¡œë°›ê³  ì‹¶ì„ ë•Œ ë“¤ì–´ë³´ì„¸ìš” ì˜íƒ ì´ë¶ˆ
#ì˜íƒ #youngtak #ì˜íƒì´ë¶ˆ #ì˜íƒì‹ ê³¡ #vlive #ì˜íƒì˜ë¶ˆì‘¥tv #ë…¸ë˜ì¶”ì²œ #ì¢‹ì•„ìš” #daily #mood #kpop #music #comforter #valentine #ë°œë Œíƒ€ì¸ë°ì´ https://t.co/UU8cSRSq5z",13
2021-02-12,7,en,0,3,"[Saraikela Kharsawan, India]",0,0,0,50,2021-02-12T07:03:50.000-06:00,#vh1india #Vh1Playlist please can you play Black swan by #BTS @Vh1India Please please please please please please please please please please please please please,16
2021-02-12,7,ko,1,4,"[Changwon-si, Republic of Korea]",0,0,0,16,2021-02-12T07:04:16.000-06:00,"ìœ„ë¡œë°›ê³  ì‹¶ì„ ë•Œ ë“¤ì–´ë³´ì„¸ìš” ì˜íƒ ì´ë¶ˆ
#ì˜íƒ #youngtak #ì˜íƒì´ë¶ˆ #ì˜íƒì‹ ê³¡ #vlive #ì˜íƒì˜ë¶ˆì‘¥tv #ë…¸ë˜ì¶”ì²œ #ì¢‹ì•„ìš” #daily #mood #kpop #music #comforter #valentine #ë°œë Œíƒ€ì¸ë°ì´ https://t.co/qFvLraTnji",17
2021-02-12,7,ko,0,14,"[Changwon-si, Republic of Korea]",0,0,0,6,2021-02-12T07:14:06.000-06:00,"ìœ„ë¡œë°›ê³  ì‹¶ì„ ë•Œ ë“¤ì–´ë³´ì„¸ìš” ì˜íƒ ì´ë¶ˆ
#ì˜íƒ #youngtak #ì˜íƒì´ë¶ˆ #ì˜íƒì‹ ê³¡ #vlive #ì˜íƒì˜ë¶ˆì‘¥tv #ë…¸ë˜ì¶”ì²œ #ì¢‹ì•„ìš” #daily #mood #kpop #music #comforter #valentine #ë°œë Œíƒ€ì¸ë°ì´ https://t.co/mRD6dTebVa",20
2021-02-12,7,en,0,15,"[Meknes, Morocco]",0,0,0,43,2021-02-12T07:15:43.000-06:00,"Follow me on tiktok to see my tiktok drawings videos
https://t.co/KDkgItWwYg
#TikTok #fyp #fypã‚· #drawings #tiktok #foryoupage #follow #videos #fypchallenge #draw #drawing #myart #illustration #art #fanart #draws #twitch #Instagram #BTS #army #bangtanboys #jimin #jungkook",21
2021-02-12,7,en,0,20,"[Milan, Lombardy]",0,0,0,57,2021-02-12T07:20:57.000-06:00,"2021 together with BTS will be a year filled with only happy things!
Looking forward to a great year with ARMY ğŸ˜ @bts.bighitofficial ğŸ’œ en Milan, Italy https://t.co/PBUdd7ZAiW",22
2021-02-12,7,in,0,26,"[Punggelan, Indonesia]",0,0,0,10,2021-02-12T07:26:10.000-06:00,Astagaaaa bapa bapa gtg bgt toloongğŸ˜­ğŸ˜­ğŸ’œğŸ’œğŸ’œğŸ’œ #BTS #BTS_BE #BANGTAN https://t.co/3HXRIvW1gt,23
2021-02-12,7,und,0,34,"[Kortrijk, BelgiÃ«]",0,0,0,18,2021-02-12T07:34:18.000-06:00,@scooterofficial ğŸŸğŸŸğŸŸ #bendhont #benjaminarttiest #artoninstagram #digitaldrawings #artistic #singer #musician #music #artist #producer #love #instagood #kpop #idol #musicvideo #art #guitar #photography #musica #rap #musicians #actor @instagram @artoninstagram #scooterofficial https://t.co/zrR928eAb4,24
2021-02-12,7,en,0,44,"[Kortrijk, BelgiÃ«]",0,0,0,49,2021-02-12T07:44:49.000-06:00,I like this pic. @Mageoplexâ¤ï¸  #bendhont #benjaminarttiest #instagram #instagram #artoninstagram #digitaldrawings #artistic #singer #musician #music #artist #producer  #instagood #kpop #idol #musicvideo #bhfyp #art  #model #musica #rap #musicians  @instagram @artoninstagram https://t.co/Fea7RkvqOK,25
2021-02-12,8,de,0,24,"[Potsdam, Germany]",0,0,0,29,2021-02-12T08:24:29.000-06:00,#nowplaying #BTS ~ BTS | Dynamite ||| BB RADIO - In #FrankfurtOder #ffo #Brandenburg #GER auf 107.8,26
2021-02-12,8,de,0,33,"[Potsdam, Germany]",0,0,0,12,2021-02-12T08:33:12.000-06:00,#nowplaying #BTS ~ BTS | Dynamite ||| BB RADIO - In #Cottbus #Brandenburg #GER auf 107.2,27
2021-02-12,8,en,0,35,"[Potsdam, Germany]",0,0,0,41,2021-02-12T08:35:41.000-06:00,#nowplaying #BTS ~ BTS | Dynamite ||| #bbradio #rockt #brandenburg,28
2021-02-12,8,en,0,52,"[Arjawinangun, Indonesia]",0,0,0,47,2021-02-12T08:52:47.000-06:00,HAPPY BIRTHDAY J-HOPEğŸ¥³ğŸ‰ğŸ‚ğŸ’œğŸ’œğŸ’œ @BTS_twt #JhopeBirthdayChallenge #jhope #bts #bangtanboys #bangtansonyeondan #Happy_JHOPE_Day #oursunshinejhope #JhopeBirthdayGoals https://t.co/UjrXLP7jCw,29
2021-02-12,9,es,0,8,"[Santa FÃ©, Argentina]",0,0,0,29,2021-02-12T09:08:29.000-06:00,"AHHHH AMOO QUE CUTEEEE AHHH 
@BTS_twt ğŸ’œğŸ’œğŸ’œ https://t.co/AlVNxcSaLG https://t.co/ZGGgFWL18f",38
2021-02-12,9,es,0,11,"[NeuquÃ©n, Argentina]",0,0,0,9,2021-02-12T09:11:09.000-06:00,Esperando su #cumple #BTS #JHOPE  #armyargentina https://t.co/KPqrAL5INg,42
2021-02-12,9,fr,0,14,"[Ivry-sur-Seine, France]",0,1,0,8,2021-02-12T09:14:08.000-06:00,"Aujourdâ€™hui, on dit au revoir ğŸ‘‹ et merci ğŸ™ Ã  nos stagiaires accueillis Ã  @EcoleEPSAA 
ğŸ‘©ğŸ¼â€ğŸ¤Oumnya en 3Ã¨me au collÃ¨ge #public St ExupÃ©ry, Paris 14
ğŸ‘¨ğŸ»â€ğŸ¤Nathan, en #BTS #communication Ã  lâ€™ENC-Bessieres.
Â©ï¸Lâ€™#Epsaa vue par Oumnya et la gravure quâ€™elle a rÃ©alisÃ©e en cours avec les #prepa https://t.co/jdMVbUJzsM",44
2021-02-12,9,en,0,26,"[Vicenza, Veneto]",0,0,0,36,2021-02-12T09:26:36.000-06:00,"@bts_bighit LoveeeeeğŸ’œğŸ’œğŸ’œğŸ’œğŸ’œğŸ’œ 
#Curated_for_ARMY #JUNGKOOK #BTS #BTS_BE #BTSARMY #BTSWORLD",54
2021-02-12,10,en,0,13,"[Saidapet, India]",0,0,0,43,2021-02-12T10:13:43.000-06:00,ğŸ’œğŸ’œğŸ’œğŸ˜ğŸ˜ğŸ˜ğŸ˜ğŸ˜ğŸ˜ğŸ˜ love you BTS ğŸ’œ ARMY Forever ğŸ’œğŸ’œ https://t.co/jllJstH55d,63
2021-02-12,10,ja,0,33,"[Kita-ku, Okayama]",0,0,0,42,2021-02-12T10:33:42.000-06:00,"é™¸ç¿”ã•ã‚“ã¨ã‚«ã‚±ãƒ«ã•ã‚“ã¨å†™çœŸæ’®ã£ãŸğŸ¤©âœ¨

2äººã¨ã‚‚ã‚¤ã‚±ãƒ¡ãƒ³ã€å„ªã—ã„ã§ã™ğŸ˜†ğŸ˜†

#ãƒ›ã‚¹ãƒˆ
#å²¡å±±
#æ­Œèˆä¼ç”º
#ãƒŸãƒŠãƒŸ
#éŒ¦
#ã™ã™ãã®
#åˆå›
#åˆå›æŒ‡å
#DM
#éŸ“å›½ç”·å­
#ãƒ›ã‚¹ç‹‚ã„
#æ‹…å½“
#ãƒ¬ãƒšã‚¼ãƒ³åœ°çƒ
#BTS
#DJãµã‰ã„
#candyfoxx https://t.co/sOPIDCtyxz",68
2021-02-12,11,en,0,1,"[Detroit, MI]",0,0,0,40,2021-02-12T11:01:40.000-06:00,"Back at it again! BTS @bxjbeautyco Photoshoot 

#selfie #beauty #photoshop #modeling #castingcall #photographer #bts https://t.co/Yo8nwcwqLh",71
2021-02-12,12,ko,1,21,"[Changwon-si, Republic of Korea]",0,0,0,24,2021-02-12T12:21:24.000-06:00,"ìœ„ë¡œë°›ê³  ì‹¶ì„ ë•Œ ë“¤ì–´ë³´ì„¸ìš” ì˜íƒ ì´ë¶ˆ
#ì˜íƒ #youngtak #ì˜íƒì´ë¶ˆ #ì˜íƒì‹ ê³¡ #vlive #ì˜íƒì˜ë¶ˆì‘¥tv #ë…¸ë˜ì¶”ì²œ #ì¢‹ì•„ìš” #daily #mood #kpop #music #comforter #valentine #ë°œë Œíƒ€ì¸ë°ì´ https://t.co/bq7H4AY19a",76
2021-02-12,12,ko,0,22,"[Changwon-si, Republic of Korea]",0,0,0,34,2021-02-12T12:22:34.000-06:00,"ìœ„ë¡œë°›ê³  ì‹¶ì„ ë•Œ ë“¤ì–´ë³´ì„¸ìš” ì˜íƒ ì´ë¶ˆ
#ì˜íƒ #youngtak #ì˜íƒì´ë¶ˆ #ì˜íƒì‹ ê³¡ #vlive #ì˜íƒì˜ë¶ˆì‘¥tv #ë…¸ë˜ì¶”ì²œ #ì¢‹ì•„ìš” #daily #mood #kpop #music #comforter #valentine #ë°œë Œíƒ€ì¸ë°ì´ https://t.co/y1Ps3YKmlZ",77
2021-02-12,12,en,0,27,"[North El Monte, CA]",0,0,0,20,2021-02-12T12:27:20.000-06:00,"HIF about the #Mandalorian 

#caradune #jhope #starwars #tealovers #GinaCarano #BTSLoveMyself #Trump
#JHOPE_IS_MY_HOPE #BTS #btasarmy https://t.co/pa884HDWzV",78
2021-02-12,12,ko,1,30,"[Changwon-si, Republic of Korea]",0,0,0,26,2021-02-12T12:30:26.000-06:00,"ìœ„ë¡œë°›ê³  ì‹¶ì„ ë•Œ ë“¤ì–´ë³´ì„¸ìš” ì˜íƒ ì´ë¶ˆ
#ì˜íƒ #youngtak #ì˜íƒì´ë¶ˆ #ì˜íƒì‹ ê³¡ #vlive #ì˜íƒì˜ë¶ˆì‘¥tv #ë…¸ë˜ì¶”ì²œ #ì¢‹ì•„ìš” #daily #mood #kpop #music #comforter #valentine #ë°œë Œíƒ€ì¸ë°ì´ https://t.co/RKbmzfzwNF",80
2021-02-12,12,und,0,42,"[Duque de Caxias, Brasil]",0,0,0,39,2021-02-12T12:42:39.000-06:00,"#HYUNA_IMNOTCOOL 
#kpop
#PNATION https://t.co/uvxO0AzSK9",82
2021-02-12,12,und,0,45,"[Duque de Caxias, Brasil]",0,0,0,19,2021-02-12T12:45:19.000-06:00,"#G_IDLE 
#princess
#kpop
#win
#HWAA https://t.co/7KnYjNL7ya",83
2021-02-12,12,und,0,46,"[Duque de Caxias, Brasil]",0,0,0,18,2021-02-12T12:46:18.000-06:00,"#G_IDLE 
#kpop https://t.co/E3tSxS0zFd",84
2021-02-12,12,ru,0,47,[Ukraine],0,0,0,46,2021-02-12T12:47:46.000-06:00,"Ğ£ĞšĞ ĞĞ˜ĞĞ¡ĞšĞ˜Ğ• ĞĞ ĞœĞ˜!!! ĞŸĞĞ”Ğ”Ğ•Ğ Ğ–Ğ˜Ğ¢Ğ•, ĞŸĞĞ–ĞĞ›Ğ£Ğ™Ğ¡Ğ¢Ğ, ĞĞ•Ğ¡ĞšĞĞ›Ğ¬ĞšĞĞ˜ ĞŸĞĞ¡Ğ¢ĞĞ’ ĞĞ Ğ’Ğ˜Ğ’Ğ•Ğ Ğ¡Ğ• Ğ ĞŸĞ ĞĞ•ĞšĞ¢Ğ• ĞšĞ Ğ”ĞĞ® Ğ ĞĞ–Ğ”Ğ•ĞĞ˜Ğ¯ Ğ¥ĞĞ‘Ğ˜ Ğ˜ Ğ®ĞĞ“Ğ˜, ĞĞĞ˜ Ğ¡Ğ•Ğ™Ğ§ĞĞ¡ ĞĞĞ¥ĞĞ”Ğ¯Ğ¢Ğ¡Ğ¯ Ğ’ Ğ¢Ğ Ğ•ĞĞ”ĞĞ¥
#BTS #ARMY #SopeDayUkraine https://t.co/WcfXsq6tiz",85
2021-02-12,12,pt,0,49,"[Campos dos Goytacazes, Brasil]",0,0,0,50,2021-02-12T12:49:50.000-06:00,"@angelisjm A fazenda #afazenda #bbb #karol #gil #Sarah #Juliette
#BTS  #BANGTAN #KimNamjoon #KimSeokjin #MinYoongi 
#JungHoseok #ParkJimin #KimTaehyung #JeonJungkook 
#Jikook #Taekook #vmin #vhope #sope #Yonseok #vkook #Minimoni #Taejin #Taegi #Jinhope #jihope

https://t.co/2N49xmlQ5f",86
2021-02-12,13,en,0,3,"[Jersey City, NJ]",0,0,0,33,2021-02-12T13:03:33.000-06:00,"More #BTS of @1zzybee_â€™s music video. Drops on Sunday! @ Jersey City, New Jersey https://t.co/uzKpNy1rH5",88
2021-02-12,13,en,1,11,"[Tula de Allende, Hidalgo]",0,0,0,47,2021-02-12T13:11:47.000-06:00,"[INFO]@BTS_twt #BTS #V #ë·” #ë°©íƒ„ì†Œë…„ë‹¨ë·”

'Scenery' by V ha superado las 192.000.000 de reproducciones en Soundcloud!SoundCloud! ğŸ’šğŸ‰

Â© BTSVChartData
V MXCO | HyunahğŸ’« https://t.co/hXhcBu15Ja",89
2021-02-12,14,pt,0,58,"[Guarulhos, Brasil]",0,0,0,40,2021-02-12T14:58:40.000-06:00,"Separados por uma/Separated by a @SMTOWNGLOBAL 

@SHINee @pabllovittar 
#choiminho #pabllovittar #kpop #shinee #Dont_Call_Me #SHINeeIsBack2021 https://t.co/DOkbyGR6Gi",92
2021-02-12,15,en,0,1,"[Virginia, USA]",0,0,0,0,2021-02-12T15:01:00.000-06:00,This is way too cute! I love it!! #BTS https://t.co/YYsosQU0aN,93
2021-02-12,15,pt,0,2,"[FlorianÃ³polis, Brazil]",0,0,0,58,2021-02-12T15:02:58.000-06:00,"Pra quem ainda tem dÃºvida sobre a quem nos remete ğŸ’œ atÃ© grÃ¡fico tem agora rsrsr

#BTS ğŸ’œ https://t.co/bjsm7Ols9c",94
2021-02-12,15,en,0,12,"[Portland, OR]",0,0,0,16,2021-02-12T15:12:16.000-06:00,I know you all love a good behind-the-scenes #BTS photo! But hereâ€™s what viewers saw. It takes a lot of lighting to make this happen when your background is so bright. ğŸ˜‚ https://t.co/EE58Q8uUXF,96
2021-02-12,15,en,0,13,"[Sao Paulo, Brazil]",0,0,0,57,2021-02-12T15:13:57.000-06:00,@educardinal @Estampador1984 Show do #BTS,97
2021-02-12,15,tr,0,25,"[ArnavutkÃ¶y, TÃ¼rkiye]",0,0,0,10,2021-02-12T15:25:10.000-06:00,Ã‡ok gÃ¼zel olmuÅŸâ¤ï¸ğŸ¤§ #lie #BTS #ARMY #JIMIN @BigHitEnt @bts_bighit #BigHitBuyPerformanceRights #BTSYOUARESOPERFECT https://t.co/fRVFraGJtX https://t.co/8qliJyAUME,99
2021-02-12,15,en,0,40,"[Columbus, OH]",0,0,0,53,2021-02-12T15:40:53.000-06:00,"His first album â€˜This Makes Me Feel Betterâ€™ debuts next Friday! Soulucien goes #BTS with us about Life, #MentalHealth and More. https://t.co/06NOq7dmXZ https://t.co/6Q0bMdIcbG",100
2021-02-12,16,uk,0,34,[Ukraine],0,0,0,59,2021-02-12T16:34:59.000-06:00,"Ğ¯ Ğ½Ğ°Ğ´Ğ¾Ğ²Ğ³Ğ¾ Ğ²Ñ–Ğ´ÑÑ‚Ğ°Ğ»Ğ° Ğ²Ñ–Ğ´ Ñ†ÑŒĞ¾Ğ³Ğ¾ ÑˆĞ¾Ñƒ, Ñ…Ğ¾Ñ‡Ğ° Ğ´Ğ¸Ğ²Ğ»ÑÑÑŒ Ğ· ÑĞ°Ğ¼Ğ¾Ğ³Ğ¾ Ğ·Ğ°Ğ¿ÑƒÑĞºÑƒ bts run Ñƒ 2015 Ñ€Ğ¾Ñ†Ñ–. Ğ©Ğ¾Ğ¹Ğ½Ğ¾ Ğ´Ğ¾Ğ´Ğ¸Ğ²Ğ¸Ğ»Ğ°ÑÑŒ 110 Ñ‚Ğ° 111 ĞµĞ¿Ñ–Ğ·Ğ¾Ğ´Ğ¸, Ğ´Ğµ Ğ²Ğ¾Ğ½Ğ¸ Ñƒ ÑĞ°Ğ»Ğ¾Ğ½Ñ– Hyundai ÑˆÑƒĞºĞ°Ğ»Ğ¸ \"ÑĞºĞ°Ñ€Ğ±\". ĞÑ‚ Ğ½Ğµ Ğ´Ğ°Ñ€Ğ¼Ğ° Ñ Ñ‚Ğ°Ğº Ñ‡ĞµĞºĞ°Ğ»Ğ° Ğ½Ğ° Ñ†ĞµĞ¹ Ğ²Ğ¸Ğ¿ÑƒÑĞº! Ğ—Ğ°Ğ´Ğ¾Ğ²Ğ¾Ğ»ĞµĞ½Ğ½Ñ Ğ½Ğ° ğŸ’¯ Ğ· 10ğŸ˜‚ğŸ˜ğŸ‘ğŸ» #BTS https://t.co/PTciqmhS5E",101
2021-02-12,16,it,0,37,"[Padua, Veneto]",0,0,0,52,2021-02-12T16:37:52.000-06:00,Non chiedevo di meglio!! #saraghae #bts @BTS_twt @BigHitEnt #youareperfect #KimTaehyung #V ğŸ’œğŸ’œğŸ’œğŸ’œ #Borahae ğŸ’œğŸ’œğŸ‡°ğŸ‡·ğŸ‡°ğŸ‡· https://t.co/xemZRX8d33,103
2021-02-12,16,en,0,56,"[Miami Beach, FL]",0,0,0,29,2021-02-12T16:56:29.000-06:00,"UNCENSORED CONTENT, BTS AND MORE

https://t.co/g5cpKI5s25 and https://t.co/mVYrQajEU7
.
. 
#love #sexy #curvy #brunette #bts https://t.co/4NMtuO4p6c",106
2021-02-12,17,it,0,0,"[Bisceglie, Puglia]",0,0,0,35,2021-02-12T17:00:35.000-06:00,"00:00

Potevo trovare chiunque sul mio cammino, eppure ci siete voi.
Solo e soltanto voi.
Ed Ã¨ la cosa piÃ¹ bella del mondo, 
siete la mia famiglia.ğŸ”âœ¨

Concerto Bangtan with my soulmate.ğŸ’œ

@BTS_twt @_felisiahale 
#BTS #BTSARMY https://t.co/mT8nlS1sSK",108
2021-02-12,17,en,0,14,"[Rancho Cucamonga, CA]",0,0,0,50,2021-02-12T17:14:50.000-06:00,Throwback to when yuna got hurt #itzy #itzy2ndanniversary #kpop #kpoptwt #ITZY4ever #Viral #funniesttweets https://t.co/snGwDZL15u,109
2021-02-12,17,es,0,31,"[BogotÃ¡, D.C., Colombia]",0,0,0,58,2021-02-12T17:31:58.000-06:00,"Ya casi es el cumpleaÃ±os de Hobi ğŸ‚, J-Hope, Yijaaaa ğŸ¥³ğŸ¤ ,  entonces esta semana que viene voy a publicar Tweets  solamente de J-Hope,lastimosamente no tengo muchas fotos de #BTS ğŸ˜”, solamente de #twentyonepilots ğŸ’”, pero prometo tener muchas fotos de #BTS ğŸ–ğŸ¼ğŸ™ŒğŸ¼â¤ï¸ igual que #TÃ˜P. https://t.co/fZ9PU4m7M9",110
2021-02-12,17,pt,0,34,"[VitÃ³ria, Brazil]",0,0,0,41,2021-02-12T17:34:41.000-06:00,ğ‘³ğ’Šğ’ğ’Šğ’‡ğ’Šğ’ ğ‘¶ğ’‡ğ’Šğ’„ğ’Šğ’‚ğ’ - ğ‘»ğ’‰ğ’† ğ‘´ğ‘¶ğ‘½ğ‘°ğ‘¬(TRADUÃ‡ÃƒO) #lisathemovie #LILIFILM_THEMOVIE #kpop #BLACKPINK #lisablackpink #dance #LalisaManoban https://t.co/sb5JwUPUgu,111
2021-02-12,17,es,0,47,"[Quito, Ecuador]",0,0,0,21,2021-02-12T17:47:21.000-06:00,"@autumnplanet @BTS_twt Sabes que tambiÃ©n serÃ­a bueno es por ejemplo que suban todas las canciones inediyas de los chicos, por ejemplo las que estÃ¡n en soundclound, el primer Ã¡lbum de RM, a esta plataforma le falta full mÃºsica de #BTS",112
2021-02-12,17,en,0,55,"[South Carolina, USA]",0,0,0,16,2021-02-12T17:55:16.000-06:00,BTS today at Clemson #proday #camera #bts #videoproduction #iceupson @ Clemson Indoor Football Facility https://t.co/3nhFaFFYkO,113
2021-02-13,18,es,0,3,"[BogotÃ¡, D.C., Colombia]",0,0,0,17,2021-02-12T18:03:17.000-06:00,"Mientras tanto voy a publicar gifts de #BTS  â¤ï¸ğŸ™ŒğŸ¼ğŸ–ğŸ¼. Pero les prometo tener muchas Fotos de #BTS en mi celularâœ‹ğŸ¼ğŸ¥ºâ¤ï¸, igual que las fotos que tengo de #twentyonepilots â¤ï¸âœ‹ğŸ¼ğŸ¥º. I promise âœ‹ğŸ¼ğŸ¥ºâ¤ï¸. https://t.co/hog1ai0Pya",115
2021-02-13,18,es,0,3,"[Quito, Ecuador]",0,0,0,26,2021-02-12T18:03:26.000-06:00,"Hace 4 aÃ±os @BTS_twt nos dio un hermoso regalo, el cual es inolvidable e inigualable.

Gracias por tan bello regalo.

#4YearsWithSpringDay
#BTS 
#ARMY_LATINOAMERICA
#QUITO_ECUADOR ğŸ‡ªğŸ‡¨ğŸ’œ https://t.co/5avhrf8nqq",116
2021-02-13,18,en,0,33,"[Los Angeles, CA]",0,0,0,56,2021-02-12T18:33:56.000-06:00,"#BTS of Junk In The Trunk ğŸ¥
VIDEO DROPS TOMORROWâ€¼ï¸

#explore #musicvideo #unsignedartist #rapper #LA #modeling #producer #videography #twerkqueen #thicc #videogirl #viral #youtube #559 #fresno #upcomingartist https://t.co/H3AhRdSmWb",118
